solid AssimpScene
 facet normal 0 0 1
  outer loop
  vertex 94.3738 41.7439 14.242
  vertex 158.6 58.6012 14.242
  vertex 158.6 105.023 14.242
  endloop
 endfacet

 facet normal 0 0 1
  outer loop
  vertex 94.3738 41.7439 14.242
  vertex 158.6 105.023 14.242
  vertex 111.231 105.023 14.242
  endloop
 endfacet

 facet normal 0 0 1
  outer loop
  vertex -741.4 58.6012 14.242
  vertex -694.032 58.6012 14.242
  vertex -694.032 105.023 14.242
  endloop
 endfacet

 facet normal 0 0 1
  outer loop
  vertex -741.4 58.6012 14.242
  vertex -694.032 105.023 14.242
  vertex -741.4 105.023 14.242
  endloop
 endfacet

 facet normal 0 0 1
  outer loop
  vertex -694.032 58.6012 14.242
  vertex -629.806 41.7439 14.242
  vertex -646.664 105.023 14.242
  endloop
 endfacet

 facet normal 0 0 1
  outer loop
  vertex -694.032 58.6012 14.242
  vertex -646.664 105.023 14.242
  vertex -694.032 105.023 14.242
  endloop
 endfacet

 facet normal 0 0 1
  outer loop
  vertex -629.806 41.7439 14.242
  vertex -594.075 65.6188 14.242
  vertex -599.295 105.023 14.242
  endloop
 endfacet

 facet normal 0 0 1
  outer loop
  vertex -629.806 41.7439 14.242
  vertex -599.295 105.023 14.242
  vertex -646.664 105.023 14.242
  endloop
 endfacet

 facet normal 0 0 1
  outer loop
  vertex -594.075 65.6188 14.242
  vertex -551.927 74.0026 14.242
  vertex -551.927 105.023 14.242
  endloop
 endfacet

 facet normal 0 0 1
  outer loop
  vertex -594.075 65.6188 14.242
  vertex -551.927 105.023 14.242
  vertex -599.295 105.023 14.242
  endloop
 endfacet

 facet normal 0 0 1
  outer loop
  vertex -551.927 74.0026 14.242
  vertex -509.779 65.6189 14.242
  vertex -504.558 105.023 14.242
  endloop
 endfacet

 facet normal 0 0 1
  outer loop
  vertex -551.927 74.0026 14.242
  vertex -504.558 105.023 14.242
  vertex -551.927 105.023 14.242
  endloop
 endfacet

 facet normal 0 0 1
  outer loop
  vertex -509.779 65.6189 14.242
  vertex -474.047 41.7439 14.242
  vertex -457.19 105.023 14.242
  endloop
 endfacet

 facet normal 0 0 1
  outer loop
  vertex -509.779 65.6189 14.242
  vertex -457.19 105.023 14.242
  vertex -504.558 105.023 14.242
  endloop
 endfacet

 facet normal 0 0 1
  outer loop
  vertex -474.047 41.7439 14.242
  vertex -409.821 58.6012 14.242
  vertex -409.821 105.023 14.242
  endloop
 endfacet

 facet normal 0 0 1
  outer loop
  vertex -474.047 41.7439 14.242
  vertex -409.821 105.023 14.242
  vertex -457.19 105.023 14.242
  endloop
 endfacet

 facet normal 0 0 1
  outer loop
  vertex -409.821 58.6012 14.242
  vertex -345.596 41.7439 14.242
  vertex -362.453 105.023 14.242
  endloop
 endfacet

 facet normal 0 0 1
  outer loop
  vertex -409.821 58.6012 14.242
  vertex -362.453 105.023 14.242
  vertex -409.821 105.023 14.242
  endloop
 endfacet

 facet normal 0 0 1
  outer loop
  vertex -345.596 41.7439 14.242
  vertex -309.864 65.6189 14.242
  vertex -315.085 105.023 14.242
  endloop
 endfacet

 facet normal 0 0 1
  outer loop
  vertex -345.596 41.7439 14.242
  vertex -315.085 105.023 14.242
  vertex -362.453 105.023 14.242
  endloop
 endfacet

 facet normal 0 0 1
  outer loop
  vertex -309.864 65.6189 14.242
  vertex -267.716 74.0027 14.242
  vertex -267.716 105.023 14.242
  endloop
 endfacet

 facet normal 0 0 1
  outer loop
  vertex -309.864 65.6189 14.242
  vertex -267.716 105.023 14.242
  vertex -315.085 105.023 14.242
  endloop
 endfacet

 facet normal 0 0 1
  outer loop
  vertex -267.716 74.0027 14.242
  vertex -225.568 65.6189 14.242
  vertex -220.348 105.023 14.242
  endloop
 endfacet

 facet normal 0 0 1
  outer loop
  vertex -267.716 74.0027 14.242
  vertex -220.348 105.023 14.242
  vertex -267.716 105.023 14.242
  endloop
 endfacet

 facet normal 0 0 1
  outer loop
  vertex -225.568 65.6189 14.242
  vertex -189.837 41.7439 14.242
  vertex -172.979 105.023 14.242
  endloop
 endfacet

 facet normal 0 0 1
  outer loop
  vertex -225.568 65.6189 14.242
  vertex -172.979 105.023 14.242
  vertex -220.348 105.023 14.242
  endloop
 endfacet

 facet normal 0 0 1
  outer loop
  vertex -189.837 41.7439 14.242
  vertex -125.611 58.6012 14.242
  vertex -125.611 105.023 14.242
  endloop
 endfacet

 facet normal 0 0 1
  outer loop
  vertex -189.837 41.7439 14.242
  vertex -125.611 105.023 14.242
  vertex -172.979 105.023 14.242
  endloop
 endfacet

 facet normal 0 0 1
  outer loop
  vertex -125.611 58.6012 14.242
  vertex -61.3852 41.7439 14.242
  vertex -78.2425 105.023 14.242
  endloop
 endfacet

 facet normal 0 0 1
  outer loop
  vertex -125.611 58.6012 14.242
  vertex -78.2425 105.023 14.242
  vertex -125.611 105.023 14.242
  endloop
 endfacet

 facet normal 0 0 1
  outer loop
  vertex -61.3852 41.7439 14.242
  vertex -25.6538 65.6189 14.242
  vertex -30.8741 105.023 14.242
  endloop
 endfacet

 facet normal 0 0 1
  outer loop
  vertex -61.3852 41.7439 14.242
  vertex -30.8741 105.023 14.242
  vertex -78.2425 105.023 14.242
  endloop
 endfacet

 facet normal 0 0 1
  outer loop
  vertex -25.6538 65.6189 14.242
  vertex 16.4944 74.0027 14.242
  vertex 16.4944 105.023 14.242
  endloop
 endfacet

 facet normal 0 0 1
  outer loop
  vertex -25.6538 65.6189 14.242
  vertex 16.4944 105.023 14.242
  vertex -30.8741 105.023 14.242
  endloop
 endfacet

 facet normal 0 0 1
  outer loop
  vertex 16.4944 74.0027 14.242
  vertex 58.6424 65.6189 14.242
  vertex 63.8628 105.023 14.242
  endloop
 endfacet

 facet normal 0 0 1
  outer loop
  vertex 16.4944 74.0027 14.242
  vertex 63.8628 105.023 14.242
  vertex 16.4944 105.023 14.242
  endloop
 endfacet

 facet normal 0 0 1
  outer loop
  vertex 58.6424 65.6189 14.242
  vertex 94.3738 41.7439 14.242
  vertex 111.231 105.023 14.242
  endloop
 endfacet

 facet normal 0 0 1
  outer loop
  vertex 58.6424 65.6189 14.242
  vertex 111.231 105.023 14.242
  vertex 63.8628 105.023 14.242
  endloop
 endfacet

 facet normal 0 0 1
  outer loop
  vertex -741.4 -794.03 14.242
  vertex -694.032 -794.03 14.242
  vertex -694.032 -746.662 14.242
  endloop
 endfacet

 facet normal 0 0 1
  outer loop
  vertex -741.4 -794.03 14.242
  vertex -694.032 -746.662 14.242
  vertex -741.4 -746.662 14.242
  endloop
 endfacet

 facet normal 0 0 1
  outer loop
  vertex -741.4 -746.662 14.242
  vertex -694.032 -746.662 14.242
  vertex -694.032 -699.294 14.242
  endloop
 endfacet

 facet normal 0 0 1
  outer loop
  vertex -741.4 -746.662 14.242
  vertex -694.032 -699.294 14.242
  vertex -741.4 -699.294 14.242
  endloop
 endfacet

 facet normal 0 0 1
  outer loop
  vertex -741.4 -699.294 14.242
  vertex -694.032 -699.294 14.242
  vertex -694.032 -651.925 14.242
  endloop
 endfacet

 facet normal 0 0 1
  outer loop
  vertex -741.4 -699.294 14.242
  vertex -694.032 -651.925 14.242
  vertex -741.4 -651.925 14.242
  endloop
 endfacet

 facet normal 0 0 1
  outer loop
  vertex -741.4 -651.925 14.242
  vertex -694.032 -651.925 14.242
  vertex -694.032 -604.557 14.242
  endloop
 endfacet

 facet normal 0 0 1
  outer loop
  vertex -741.4 -651.925 14.242
  vertex -694.032 -604.557 14.242
  vertex -741.4 -604.557 14.242
  endloop
 endfacet

 facet normal 0 0 1
  outer loop
  vertex -741.4 -604.557 14.242
  vertex -694.032 -604.557 14.242
  vertex -694.032 -557.188 14.242
  endloop
 endfacet

 facet normal 0 0 1
  outer loop
  vertex -741.4 -604.557 14.242
  vertex -694.032 -557.188 14.242
  vertex -741.4 -557.188 14.242
  endloop
 endfacet

 facet normal 0 0 1
  outer loop
  vertex -741.4 -557.188 14.242
  vertex -694.032 -557.188 14.242
  vertex -694.032 -509.82 14.242
  endloop
 endfacet

 facet normal 0 0 1
  outer loop
  vertex -741.4 -557.188 14.242
  vertex -694.032 -509.82 14.242
  vertex -741.4 -509.82 14.242
  endloop
 endfacet

 facet normal 0 0 1
  outer loop
  vertex -741.4 -509.82 14.242
  vertex -694.032 -509.82 14.242
  vertex -694.032 -462.451 14.242
  endloop
 endfacet

 facet normal 0 0 1
  outer loop
  vertex -741.4 -509.82 14.242
  vertex -694.032 -462.451 14.242
  vertex -741.4 -462.451 14.242
  endloop
 endfacet

 facet normal 0 0 1
  outer loop
  vertex -741.4 -462.451 14.242
  vertex -694.032 -462.451 14.242
  vertex -694.032 -415.083 14.242
  endloop
 endfacet

 facet normal 0 0 1
  outer loop
  vertex -741.4 -462.451 14.242
  vertex -694.032 -415.083 14.242
  vertex -741.4 -415.083 14.242
  endloop
 endfacet

 facet normal 0 0 1
  outer loop
  vertex -741.4 -415.083 14.242
  vertex -694.032 -415.083 14.242
  vertex -694.032 -367.715 14.242
  endloop
 endfacet

 facet normal 0 0 1
  outer loop
  vertex -741.4 -415.083 14.242
  vertex -694.032 -367.715 14.242
  vertex -741.4 -367.715 14.242
  endloop
 endfacet

 facet normal 0 0 1
  outer loop
  vertex -741.4 -367.715 14.242
  vertex -694.032 -367.715 14.242
  vertex -694.032 -320.346 14.242
  endloop
 endfacet

 facet normal 0 0 1
  outer loop
  vertex -741.4 -367.715 14.242
  vertex -694.032 -320.346 14.242
  vertex -741.4 -320.346 14.242
  endloop
 endfacet

 facet normal 0 0 1
  outer loop
  vertex -741.4 -320.346 14.242
  vertex -694.032 -320.346 14.242
  vertex -694.032 -272.978 14.242
  endloop
 endfacet

 facet normal 0 0 1
  outer loop
  vertex -741.4 -320.346 14.242
  vertex -694.032 -272.978 14.242
  vertex -741.4 -272.978 14.242
  endloop
 endfacet

 facet normal 0 0 1
  outer loop
  vertex -741.4 -272.978 14.242
  vertex -694.032 -272.978 14.242
  vertex -694.032 -225.609 14.242
  endloop
 endfacet

 facet normal 0 0 1
  outer loop
  vertex -741.4 -272.978 14.242
  vertex -694.032 -225.609 14.242
  vertex -741.4 -225.609 14.242
  endloop
 endfacet

 facet normal 0 0 1
  outer loop
  vertex -741.4 -225.609 14.242
  vertex -694.032 -225.609 14.242
  vertex -694.032 -178.241 14.242
  endloop
 endfacet

 facet normal 0 0 1
  outer loop
  vertex -741.4 -225.609 14.242
  vertex -694.032 -178.241 14.242
  vertex -741.4 -178.241 14.242
  endloop
 endfacet

 facet normal 0 0 1
  outer loop
  vertex -741.4 -178.241 14.242
  vertex -694.032 -178.241 14.242
  vertex -694.032 -130.872 14.242
  endloop
 endfacet

 facet normal 0 0 1
  outer loop
  vertex -741.4 -178.241 14.242
  vertex -694.032 -130.872 14.242
  vertex -741.4 -130.872 14.242
  endloop
 endfacet

 facet normal 0 0 1
  outer loop
  vertex -741.4 -130.872 14.242
  vertex -694.032 -130.872 14.242
  vertex -694.032 -83.504 14.242
  endloop
 endfacet

 facet normal 0 0 1
  outer loop
  vertex -741.4 -130.872 14.242
  vertex -694.032 -83.504 14.242
  vertex -741.4 -83.5041 14.242
  endloop
 endfacet

 facet normal 0 0 1
  outer loop
  vertex -741.4 -83.5041 14.242
  vertex -694.032 -83.504 14.242
  vertex -694.032 -36.1356 14.242
  endloop
 endfacet

 facet normal 0 0 1
  outer loop
  vertex -741.4 -83.5041 14.242
  vertex -694.032 -36.1356 14.242
  vertex -741.4 -36.1357 14.242
  endloop
 endfacet

 facet normal 0 0 1
  outer loop
  vertex -741.4 -36.1357 14.242
  vertex -694.032 -36.1356 14.242
  vertex -694.032 11.2328 14.242
  endloop
 endfacet

 facet normal 0 0 1
  outer loop
  vertex -741.4 -36.1357 14.242
  vertex -694.032 11.2328 14.242
  vertex -741.4 11.2328 14.242
  endloop
 endfacet

 facet normal 0 0 1
  outer loop
  vertex -741.4 11.2328 14.242
  vertex -694.032 11.2328 14.242
  vertex -694.032 58.6012 14.242
  endloop
 endfacet

 facet normal 0 0 1
  outer loop
  vertex -741.4 11.2328 14.242
  vertex -694.032 58.6012 14.242
  vertex -741.4 58.6012 14.242
  endloop
 endfacet

 facet normal 0 0 1
  outer loop
  vertex -694.032 -794.03 14.242
  vertex -646.664 -794.03 14.242
  vertex -646.664 -746.662 14.242
  endloop
 endfacet

 facet normal 0 0 1
  outer loop
  vertex -694.032 -794.03 14.242
  vertex -646.664 -746.662 14.242
  vertex -694.032 -746.662 14.242
  endloop
 endfacet

 facet normal 0 0 1
  outer loop
  vertex -694.032 -746.662 14.242
  vertex -646.664 -746.662 14.242
  vertex -629.806 -682.436 14.242
  endloop
 endfacet

 facet normal 0 0 1
  outer loop
  vertex -694.032 -746.662 14.242
  vertex -629.806 -682.436 14.242
  vertex -694.032 -699.294 14.242
  endloop
 endfacet

 facet normal 0 0 1
  outer loop
  vertex -694.032 -699.294 14.242
  vertex -629.806 -682.436 14.242
  vertex -653.681 -646.705 14.242
  endloop
 endfacet

 facet normal 0 0 1
  outer loop
  vertex -694.032 -699.294 14.242
  vertex -653.681 -646.705 14.242
  vertex -694.032 -651.925 14.242
  endloop
 endfacet

 facet normal 0 0 1
  outer loop
  vertex -694.032 -651.925 14.242
  vertex -653.681 -646.705 14.242
  vertex -662.065 -604.557 14.242
  endloop
 endfacet

 facet normal 0 0 1
  outer loop
  vertex -694.032 -651.925 14.242
  vertex -662.065 -604.557 14.242
  vertex -694.032 -604.557 14.242
  endloop
 endfacet

 facet normal 0 0 1
  outer loop
  vertex -694.032 -604.557 14.242
  vertex -662.065 -604.557 14.242
  vertex -653.681 -562.409 14.242
  endloop
 endfacet

 facet normal 0 0 1
  outer loop
  vertex -694.032 -604.557 14.242
  vertex -653.681 -562.409 14.242
  vertex -694.032 -557.188 14.242
  endloop
 endfacet

 facet normal 0 0 1
  outer loop
  vertex -694.032 -557.188 14.242
  vertex -653.681 -562.409 14.242
  vertex -629.806 -526.677 14.242
  endloop
 endfacet

 facet normal 0 0 1
  outer loop
  vertex -694.032 -557.188 14.242
  vertex -629.806 -526.677 14.242
  vertex -694.032 -509.82 14.242
  endloop
 endfacet

 facet normal 0 0 1
  outer loop
  vertex -694.032 -509.82 14.242
  vertex -629.806 -526.677 14.242
  vertex -646.664 -462.451 14.242
  endloop
 endfacet

 facet normal 0 0 1
  outer loop
  vertex -694.032 -509.82 14.242
  vertex -646.664 -462.451 14.242
  vertex -694.032 -462.451 14.242
  endloop
 endfacet

 facet normal 0 0 1
  outer loop
  vertex -694.032 -462.451 14.242
  vertex -646.664 -462.451 14.242
  vertex -629.806 -398.226 14.242
  endloop
 endfacet

 facet normal 0 0 1
  outer loop
  vertex -694.032 -462.451 14.242
  vertex -629.806 -398.226 14.242
  vertex -694.032 -415.083 14.242
  endloop
 endfacet

 facet normal 0 0 1
  outer loop
  vertex -694.032 -415.083 14.242
  vertex -629.806 -398.226 14.242
  vertex -653.681 -362.494 14.242
  endloop
 endfacet

 facet normal 0 0 1
  outer loop
  vertex -694.032 -415.083 14.242
  vertex -653.681 -362.494 14.242
  vertex -694.032 -367.715 14.242
  endloop
 endfacet

 facet normal 0 0 1
  outer loop
  vertex -694.032 -367.715 14.242
  vertex -653.681 -362.494 14.242
  vertex -662.065 -320.346 14.242
  endloop
 endfacet

 facet normal 0 0 1
  outer loop
  vertex -694.032 -367.715 14.242
  vertex -662.065 -320.346 14.242
  vertex -694.032 -320.346 14.242
  endloop
 endfacet

 facet normal 0 0 1
  outer loop
  vertex -694.032 -320.346 14.242
  vertex -662.065 -320.346 14.242
  vertex -653.681 -278.198 14.242
  endloop
 endfacet

 facet normal 0 0 1
  outer loop
  vertex -694.032 -320.346 14.242
  vertex -653.681 -278.198 14.242
  vertex -694.032 -272.978 14.242
  endloop
 endfacet

 facet normal 0 0 1
  outer loop
  vertex -694.032 -272.978 14.242
  vertex -653.681 -278.198 14.242
  vertex -629.806 -242.467 14.242
  endloop
 endfacet

 facet normal 0 0 1
  outer loop
  vertex -694.032 -272.978 14.242
  vertex -629.806 -242.467 14.242
  vertex -694.032 -225.609 14.242
  endloop
 endfacet

 facet normal 0 0 1
  outer loop
  vertex -694.032 -225.609 14.242
  vertex -629.806 -242.467 14.242
  vertex -646.664 -178.241 14.242
  endloop
 endfacet

 facet normal 0 0 1
  outer loop
  vertex -694.032 -225.609 14.242
  vertex -646.664 -178.241 14.242
  vertex -694.032 -178.241 14.242
  endloop
 endfacet

 facet normal 0 0 1
  outer loop
  vertex -694.032 -178.241 14.242
  vertex -646.664 -178.241 14.242
  vertex -629.806 -114.015 14.242
  endloop
 endfacet

 facet normal 0 0 1
  outer loop
  vertex -694.032 -178.241 14.242
  vertex -629.806 -114.015 14.242
  vertex -694.032 -130.872 14.242
  endloop
 endfacet

 facet normal 0 0 1
  outer loop
  vertex -694.032 -130.872 14.242
  vertex -629.806 -114.015 14.242
  vertex -653.681 -78.2837 14.242
  endloop
 endfacet

 facet normal 0 0 1
  outer loop
  vertex -694.032 -130.872 14.242
  vertex -653.681 -78.2837 14.242
  vertex -694.032 -83.504 14.242
  endloop
 endfacet

 facet normal 0 0 1
  outer loop
  vertex -694.032 -83.504 14.242
  vertex -653.681 -78.2837 14.242
  vertex -662.065 -36.1357 14.242
  endloop
 endfacet

 facet normal 0 0 1
  outer loop
  vertex -694.032 -83.504 14.242
  vertex -662.065 -36.1357 14.242
  vertex -694.032 -36.1356 14.242
  endloop
 endfacet

 facet normal 0 0 1
  outer loop
  vertex -694.032 -36.1356 14.242
  vertex -662.065 -36.1357 14.242
  vertex -653.681 6.01245 14.242
  endloop
 endfacet

 facet normal 0 0 1
  outer loop
  vertex -694.032 -36.1356 14.242
  vertex -653.681 6.01245 14.242
  vertex -694.032 11.2328 14.242
  endloop
 endfacet

 facet normal 0 0 1
  outer loop
  vertex -694.032 11.2328 14.242
  vertex -653.681 6.01245 14.242
  vertex -629.806 41.7439 14.242
  endloop
 endfacet

 facet normal 0 0 1
  outer loop
  vertex -694.032 11.2328 14.242
  vertex -629.806 41.7439 14.242
  vertex -694.032 58.6012 14.242
  endloop
 endfacet

 facet normal 0 0 1
  outer loop
  vertex -646.664 -794.03 14.242
  vertex -599.295 -794.03 14.242
  vertex -599.295 -746.662 14.242
  endloop
 endfacet

 facet normal 0 0 1
  outer loop
  vertex -646.664 -794.03 14.242
  vertex -599.295 -746.662 14.242
  vertex -646.664 -746.662 14.242
  endloop
 endfacet

 facet normal 0 0 1
  outer loop
  vertex -646.664 -746.662 14.242
  vertex -599.295 -746.662 14.242
  vertex -594.075 -706.311 14.242
  endloop
 endfacet

 facet normal 0 0 1
  outer loop
  vertex -646.664 -746.662 14.242
  vertex -594.075 -706.311 14.242
  vertex -629.806 -682.436 14.242
  endloop
 endfacet

 facet normal 0 0 1
  outer loop
  vertex -629.806 -526.677 14.242
  vertex -594.075 -502.802 14.242
  vertex -599.295 -462.451 14.242
  endloop
 endfacet

 facet normal 0 0 1
  outer loop
  vertex -629.806 -526.677 14.242
  vertex -599.295 -462.451 14.242
  vertex -646.664 -462.451 14.242
  endloop
 endfacet

 facet normal 0 0 1
  outer loop
  vertex -646.664 -462.451 14.242
  vertex -599.295 -462.451 14.242
  vertex -594.075 -422.101 14.242
  endloop
 endfacet

 facet normal 0 0 1
  outer loop
  vertex -646.664 -462.451 14.242
  vertex -594.075 -422.101 14.242
  vertex -629.806 -398.226 14.242
  endloop
 endfacet

 facet normal 0 0 1
  outer loop
  vertex -629.806 -242.467 14.242
  vertex -594.075 -218.592 14.242
  vertex -599.295 -178.241 14.242
  endloop
 endfacet

 facet normal 0 0 1
  outer loop
  vertex -629.806 -242.467 14.242
  vertex -599.295 -178.241 14.242
  vertex -646.664 -178.241 14.242
  endloop
 endfacet

 facet normal 0 0 1
  outer loop
  vertex -646.664 -178.241 14.242
  vertex -599.295 -178.241 14.242
  vertex -594.075 -137.89 14.242
  endloop
 endfacet

 facet normal 0 0 1
  outer loop
  vertex -646.664 -178.241 14.242
  vertex -594.075 -137.89 14.242
  vertex -629.806 -114.015 14.242
  endloop
 endfacet

 facet normal 0 0 1
  outer loop
  vertex -599.295 -794.03 14.242
  vertex -551.927 -794.03 14.242
  vertex -551.927 -746.662 14.242
  endloop
 endfacet

 facet normal 0 0 1
  outer loop
  vertex -599.295 -794.03 14.242
  vertex -551.927 -746.662 14.242
  vertex -599.295 -746.662 14.242
  endloop
 endfacet

 facet normal 0 0 1
  outer loop
  vertex -599.295 -746.662 14.242
  vertex -551.927 -746.662 14.242
  vertex -551.927 -714.695 14.242
  endloop
 endfacet

 facet normal 0 0 1
  outer loop
  vertex -599.295 -746.662 14.242
  vertex -551.927 -714.695 14.242
  vertex -594.075 -706.311 14.242
  endloop
 endfacet

 facet normal 0 0 1
  outer loop
  vertex -594.075 -502.802 14.242
  vertex -551.927 -494.418 14.242
  vertex -551.927 -462.451 14.242
  endloop
 endfacet

 facet normal 0 0 1
  outer loop
  vertex -594.075 -502.802 14.242
  vertex -551.927 -462.451 14.242
  vertex -599.295 -462.451 14.242
  endloop
 endfacet

 facet normal 0 0 1
  outer loop
  vertex -599.295 -462.451 14.242
  vertex -551.927 -462.451 14.242
  vertex -551.927 -430.484 14.242
  endloop
 endfacet

 facet normal 0 0 1
  outer loop
  vertex -599.295 -462.451 14.242
  vertex -551.927 -430.484 14.242
  vertex -594.075 -422.101 14.242
  endloop
 endfacet

 facet normal 0 0 1
  outer loop
  vertex -594.075 -218.592 14.242
  vertex -551.927 -210.208 14.242
  vertex -551.927 -178.241 14.242
  endloop
 endfacet

 facet normal 0 0 1
  outer loop
  vertex -594.075 -218.592 14.242
  vertex -551.927 -178.241 14.242
  vertex -599.295 -178.241 14.242
  endloop
 endfacet

 facet normal 0 0 1
  outer loop
  vertex -599.295 -178.241 14.242
  vertex -551.927 -178.241 14.242
  vertex -551.927 -146.274 14.242
  endloop
 endfacet

 facet normal 0 0 1
  outer loop
  vertex -599.295 -178.241 14.242
  vertex -551.927 -146.274 14.242
  vertex -594.075 -137.89 14.242
  endloop
 endfacet

 facet normal 0 0 1
  outer loop
  vertex -551.927 -794.03 14.242
  vertex -504.558 -794.03 14.242
  vertex -504.558 -746.662 14.242
  endloop
 endfacet

 facet normal 0 0 1
  outer loop
  vertex -551.927 -794.03 14.242
  vertex -504.558 -746.662 14.242
  vertex -551.927 -746.662 14.242
  endloop
 endfacet

 facet normal 0 0 1
  outer loop
  vertex -551.927 -746.662 14.242
  vertex -504.558 -746.662 14.242
  vertex -509.779 -706.311 14.242
  endloop
 endfacet

 facet normal 0 0 1
  outer loop
  vertex -551.927 -746.662 14.242
  vertex -509.779 -706.311 14.242
  vertex -551.927 -714.695 14.242
  endloop
 endfacet

 facet normal 0 0 1
  outer loop
  vertex -551.927 -494.418 14.242
  vertex -509.779 -502.802 14.242
  vertex -504.558 -462.451 14.242
  endloop
 endfacet

 facet normal 0 0 1
  outer loop
  vertex -551.927 -494.418 14.242
  vertex -504.558 -462.451 14.242
  vertex -551.927 -462.451 14.242
  endloop
 endfacet

 facet normal 0 0 1
  outer loop
  vertex -551.927 -462.451 14.242
  vertex -504.558 -462.451 14.242
  vertex -509.779 -422.101 14.242
  endloop
 endfacet

 facet normal 0 0 1
  outer loop
  vertex -551.927 -462.451 14.242
  vertex -509.779 -422.101 14.242
  vertex -551.927 -430.484 14.242
  endloop
 endfacet

 facet normal 0 0 1
  outer loop
  vertex -551.927 -210.208 14.242
  vertex -509.779 -218.592 14.242
  vertex -504.558 -178.241 14.242
  endloop
 endfacet

 facet normal 0 0 1
  outer loop
  vertex -551.927 -210.208 14.242
  vertex -504.558 -178.241 14.242
  vertex -551.927 -178.241 14.242
  endloop
 endfacet

 facet normal 0 0 1
  outer loop
  vertex -551.927 -178.241 14.242
  vertex -504.558 -178.241 14.242
  vertex -509.779 -137.89 14.242
  endloop
 endfacet

 facet normal 0 0 1
  outer loop
  vertex -551.927 -178.241 14.242
  vertex -509.779 -137.89 14.242
  vertex -551.927 -146.274 14.242
  endloop
 endfacet

 facet normal 0 0 1
  outer loop
  vertex -504.558 -794.03 14.242
  vertex -457.19 -794.03 14.242
  vertex -457.19 -746.662 14.242
  endloop
 endfacet

 facet normal 0 0 1
  outer loop
  vertex -504.558 -794.03 14.242
  vertex -457.19 -746.662 14.242
  vertex -504.558 -746.662 14.242
  endloop
 endfacet

 facet normal 0 0 1
  outer loop
  vertex -504.558 -746.662 14.242
  vertex -457.19 -746.662 14.242
  vertex -474.047 -682.436 14.242
  endloop
 endfacet

 facet normal 0 0 1
  outer loop
  vertex -504.558 -746.662 14.242
  vertex -474.047 -682.436 14.242
  vertex -509.779 -706.311 14.242
  endloop
 endfacet

 facet normal 0 0 1
  outer loop
  vertex -509.779 -502.802 14.242
  vertex -474.047 -526.677 14.242
  vertex -457.19 -462.451 14.242
  endloop
 endfacet

 facet normal 0 0 1
  outer loop
  vertex -509.779 -502.802 14.242
  vertex -457.19 -462.451 14.242
  vertex -504.558 -462.451 14.242
  endloop
 endfacet

 facet normal 0 0 1
  outer loop
  vertex -504.558 -462.451 14.242
  vertex -457.19 -462.451 14.242
  vertex -474.047 -398.226 14.242
  endloop
 endfacet

 facet normal 0 0 1
  outer loop
  vertex -504.558 -462.451 14.242
  vertex -474.047 -398.226 14.242
  vertex -509.779 -422.101 14.242
  endloop
 endfacet

 facet normal 0 0 1
  outer loop
  vertex -509.779 -218.592 14.242
  vertex -474.047 -242.467 14.242
  vertex -457.19 -178.241 14.242
  endloop
 endfacet

 facet normal 0 0 1
  outer loop
  vertex -509.779 -218.592 14.242
  vertex -457.19 -178.241 14.242
  vertex -504.558 -178.241 14.242
  endloop
 endfacet

 facet normal 0 0 1
  outer loop
  vertex -504.558 -178.241 14.242
  vertex -457.19 -178.241 14.242
  vertex -474.047 -114.015 14.242
  endloop
 endfacet

 facet normal 0 0 1
  outer loop
  vertex -504.558 -178.241 14.242
  vertex -474.047 -114.015 14.242
  vertex -509.779 -137.89 14.242
  endloop
 endfacet

 facet normal 0 0 1
  outer loop
  vertex -457.19 -794.03 14.242
  vertex -409.821 -794.03 14.242
  vertex -409.821 -746.662 14.242
  endloop
 endfacet

 facet normal 0 0 1
  outer loop
  vertex -457.19 -794.03 14.242
  vertex -409.821 -746.662 14.242
  vertex -457.19 -746.662 14.242
  endloop
 endfacet

 facet normal 0 0 1
  outer loop
  vertex -457.19 -746.662 14.242
  vertex -409.821 -746.662 14.242
  vertex -409.821 -699.294 14.242
  endloop
 endfacet

 facet normal 0 0 1
  outer loop
  vertex -457.19 -746.662 14.242
  vertex -409.821 -699.294 14.242
  vertex -474.047 -682.436 14.242
  endloop
 endfacet

 facet normal 0 0 1
  outer loop
  vertex -474.047 -682.436 14.242
  vertex -409.821 -699.294 14.242
  vertex -409.821 -651.925 14.242
  endloop
 endfacet

 facet normal 0 0 1
  outer loop
  vertex -474.047 -682.436 14.242
  vertex -409.821 -651.925 14.242
  vertex -450.172 -646.705 14.242
  endloop
 endfacet

 facet normal 0 0 1
  outer loop
  vertex -450.172 -646.705 14.242
  vertex -409.821 -651.925 14.242
  vertex -409.821 -604.557 14.242
  endloop
 endfacet

 facet normal 0 0 1
  outer loop
  vertex -450.172 -646.705 14.242
  vertex -409.821 -604.557 14.242
  vertex -441.788 -604.557 14.242
  endloop
 endfacet

 facet normal 0 0 1
  outer loop
  vertex -441.788 -604.557 14.242
  vertex -409.821 -604.557 14.242
  vertex -409.821 -557.188 14.242
  endloop
 endfacet

 facet normal 0 0 1
  outer loop
  vertex -441.788 -604.557 14.242
  vertex -409.821 -557.188 14.242
  vertex -450.172 -562.409 14.242
  endloop
 endfacet

 facet normal 0 0 1
  outer loop
  vertex -450.172 -562.409 14.242
  vertex -409.821 -557.188 14.242
  vertex -409.821 -509.82 14.242
  endloop
 endfacet

 facet normal 0 0 1
  outer loop
  vertex -450.172 -562.409 14.242
  vertex -409.821 -509.82 14.242
  vertex -474.047 -526.677 14.242
  endloop
 endfacet

 facet normal 0 0 1
  outer loop
  vertex -474.047 -526.677 14.242
  vertex -409.821 -509.82 14.242
  vertex -409.821 -462.451 14.242
  endloop
 endfacet

 facet normal 0 0 1
  outer loop
  vertex -474.047 -526.677 14.242
  vertex -409.821 -462.451 14.242
  vertex -457.19 -462.451 14.242
  endloop
 endfacet

 facet normal 0 0 1
  outer loop
  vertex -457.19 -462.451 14.242
  vertex -409.821 -462.451 14.242
  vertex -409.821 -415.083 14.242
  endloop
 endfacet

 facet normal 0 0 1
  outer loop
  vertex -457.19 -462.451 14.242
  vertex -409.821 -415.083 14.242
  vertex -474.047 -398.226 14.242
  endloop
 endfacet

 facet normal 0 0 1
  outer loop
  vertex -474.047 -398.226 14.242
  vertex -409.821 -415.083 14.242
  vertex -409.821 -367.715 14.242
  endloop
 endfacet

 facet normal 0 0 1
  outer loop
  vertex -474.047 -398.226 14.242
  vertex -409.821 -367.715 14.242
  vertex -450.172 -362.494 14.242
  endloop
 endfacet

 facet normal 0 0 1
  outer loop
  vertex -450.172 -362.494 14.242
  vertex -409.821 -367.715 14.242
  vertex -409.821 -320.346 14.242
  endloop
 endfacet

 facet normal 0 0 1
  outer loop
  vertex -450.172 -362.494 14.242
  vertex -409.821 -320.346 14.242
  vertex -441.788 -320.346 14.242
  endloop
 endfacet

 facet normal 0 0 1
  outer loop
  vertex -441.788 -320.346 14.242
  vertex -409.821 -320.346 14.242
  vertex -409.821 -272.978 14.242
  endloop
 endfacet

 facet normal 0 0 1
  outer loop
  vertex -441.788 -320.346 14.242
  vertex -409.821 -272.978 14.242
  vertex -450.172 -278.198 14.242
  endloop
 endfacet

 facet normal 0 0 1
  outer loop
  vertex -450.172 -278.198 14.242
  vertex -409.821 -272.978 14.242
  vertex -409.821 -225.609 14.242
  endloop
 endfacet

 facet normal 0 0 1
  outer loop
  vertex -450.172 -278.198 14.242
  vertex -409.821 -225.609 14.242
  vertex -474.047 -242.467 14.242
  endloop
 endfacet

 facet normal 0 0 1
  outer loop
  vertex -474.047 -242.467 14.242
  vertex -409.821 -225.609 14.242
  vertex -409.821 -178.241 14.242
  endloop
 endfacet

 facet normal 0 0 1
  outer loop
  vertex -474.047 -242.467 14.242
  vertex -409.821 -178.241 14.242
  vertex -457.19 -178.241 14.242
  endloop
 endfacet

 facet normal 0 0 1
  outer loop
  vertex -457.19 -178.241 14.242
  vertex -409.821 -178.241 14.242
  vertex -409.821 -130.872 14.242
  endloop
 endfacet

 facet normal 0 0 1
  outer loop
  vertex -457.19 -178.241 14.242
  vertex -409.821 -130.872 14.242
  vertex -474.047 -114.015 14.242
  endloop
 endfacet

 facet normal 0 0 1
  outer loop
  vertex -474.047 -114.015 14.242
  vertex -409.821 -130.872 14.242
  vertex -409.821 -83.504 14.242
  endloop
 endfacet

 facet normal 0 0 1
  outer loop
  vertex -474.047 -114.015 14.242
  vertex -409.821 -83.504 14.242
  vertex -450.172 -78.2837 14.242
  endloop
 endfacet

 facet normal 0 0 1
  outer loop
  vertex -450.172 -78.2837 14.242
  vertex -409.821 -83.504 14.242
  vertex -409.821 -36.1356 14.242
  endloop
 endfacet

 facet normal 0 0 1
  outer loop
  vertex -450.172 -78.2837 14.242
  vertex -409.821 -36.1356 14.242
  vertex -441.788 -36.1356 14.242
  endloop
 endfacet

 facet normal 0 0 1
  outer loop
  vertex -441.788 -36.1356 14.242
  vertex -409.821 -36.1356 14.242
  vertex -409.821 11.2328 14.242
  endloop
 endfacet

 facet normal 0 0 1
  outer loop
  vertex -441.788 -36.1356 14.242
  vertex -409.821 11.2328 14.242
  vertex -450.172 6.01248 14.242
  endloop
 endfacet

 facet normal 0 0 1
  outer loop
  vertex -450.172 6.01248 14.242
  vertex -409.821 11.2328 14.242
  vertex -409.821 58.6012 14.242
  endloop
 endfacet

 facet normal 0 0 1
  outer loop
  vertex -450.172 6.01248 14.242
  vertex -409.821 58.6012 14.242
  vertex -474.047 41.7439 14.242
  endloop
 endfacet

 facet normal 0 0 1
  outer loop
  vertex -409.821 -794.03 14.242
  vertex -362.453 -794.03 14.242
  vertex -362.453 -746.662 14.242
  endloop
 endfacet

 facet normal 0 0 1
  outer loop
  vertex -409.821 -794.03 14.242
  vertex -362.453 -746.662 14.242
  vertex -409.821 -746.662 14.242
  endloop
 endfacet

 facet normal 0 0 1
  outer loop
  vertex -409.821 -746.662 14.242
  vertex -362.453 -746.662 14.242
  vertex -345.596 -682.436 14.242
  endloop
 endfacet

 facet normal 0 0 1
  outer loop
  vertex -409.821 -746.662 14.242
  vertex -345.596 -682.436 14.242
  vertex -409.821 -699.294 14.242
  endloop
 endfacet

 facet normal 0 0 1
  outer loop
  vertex -409.821 -699.294 14.242
  vertex -345.596 -682.436 14.242
  vertex -369.471 -646.705 14.242
  endloop
 endfacet

 facet normal 0 0 1
  outer loop
  vertex -409.821 -699.294 14.242
  vertex -369.471 -646.705 14.242
  vertex -409.821 -651.925 14.242
  endloop
 endfacet

 facet normal 0 0 1
  outer loop
  vertex -409.821 -651.925 14.242
  vertex -369.471 -646.705 14.242
  vertex -377.854 -604.557 14.242
  endloop
 endfacet

 facet normal 0 0 1
  outer loop
  vertex -409.821 -651.925 14.242
  vertex -377.854 -604.557 14.242
  vertex -409.821 -604.557 14.242
  endloop
 endfacet

 facet normal 0 0 1
  outer loop
  vertex -409.821 -604.557 14.242
  vertex -377.854 -604.557 14.242
  vertex -369.471 -562.409 14.242
  endloop
 endfacet

 facet normal 0 0 1
  outer loop
  vertex -409.821 -604.557 14.242
  vertex -369.471 -562.409 14.242
  vertex -409.821 -557.188 14.242
  endloop
 endfacet

 facet normal 0 0 1
  outer loop
  vertex -409.821 -557.188 14.242
  vertex -369.471 -562.409 14.242
  vertex -345.596 -526.677 14.242
  endloop
 endfacet

 facet normal 0 0 1
  outer loop
  vertex -409.821 -557.188 14.242
  vertex -345.596 -526.677 14.242
  vertex -409.821 -509.82 14.242
  endloop
 endfacet

 facet normal 0 0 1
  outer loop
  vertex -409.821 -509.82 14.242
  vertex -345.596 -526.677 14.242
  vertex -362.453 -462.451 14.242
  endloop
 endfacet

 facet normal 0 0 1
  outer loop
  vertex -409.821 -509.82 14.242
  vertex -362.453 -462.451 14.242
  vertex -409.821 -462.451 14.242
  endloop
 endfacet

 facet normal 0 0 1
  outer loop
  vertex -409.821 -462.451 14.242
  vertex -362.453 -462.451 14.242
  vertex -345.596 -398.226 14.242
  endloop
 endfacet

 facet normal 0 0 1
  outer loop
  vertex -409.821 -462.451 14.242
  vertex -345.596 -398.226 14.242
  vertex -409.821 -415.083 14.242
  endloop
 endfacet

 facet normal 0 0 1
  outer loop
  vertex -409.821 -415.083 14.242
  vertex -345.596 -398.226 14.242
  vertex -369.471 -362.494 14.242
  endloop
 endfacet

 facet normal 0 0 1
  outer loop
  vertex -409.821 -415.083 14.242
  vertex -369.471 -362.494 14.242
  vertex -409.821 -367.715 14.242
  endloop
 endfacet

 facet normal 0 0 1
  outer loop
  vertex -409.821 -367.715 14.242
  vertex -369.471 -362.494 14.242
  vertex -377.854 -320.346 14.242
  endloop
 endfacet

 facet normal 0 0 1
  outer loop
  vertex -409.821 -367.715 14.242
  vertex -377.854 -320.346 14.242
  vertex -409.821 -320.346 14.242
  endloop
 endfacet

 facet normal 0 0 1
  outer loop
  vertex -409.821 -320.346 14.242
  vertex -377.854 -320.346 14.242
  vertex -369.471 -278.198 14.242
  endloop
 endfacet

 facet normal 0 0 1
  outer loop
  vertex -409.821 -320.346 14.242
  vertex -369.471 -278.198 14.242
  vertex -409.821 -272.978 14.242
  endloop
 endfacet

 facet normal 0 0 1
  outer loop
  vertex -409.821 -272.978 14.242
  vertex -369.471 -278.198 14.242
  vertex -345.596 -242.467 14.242
  endloop
 endfacet

 facet normal 0 0 1
  outer loop
  vertex -409.821 -272.978 14.242
  vertex -345.596 -242.467 14.242
  vertex -409.821 -225.609 14.242
  endloop
 endfacet

 facet normal 0 0 1
  outer loop
  vertex -409.821 -225.609 14.242
  vertex -345.596 -242.467 14.242
  vertex -362.453 -178.241 14.242
  endloop
 endfacet

 facet normal 0 0 1
  outer loop
  vertex -409.821 -225.609 14.242
  vertex -362.453 -178.241 14.242
  vertex -409.821 -178.241 14.242
  endloop
 endfacet

 facet normal 0 0 1
  outer loop
  vertex -409.821 -178.241 14.242
  vertex -362.453 -178.241 14.242
  vertex -345.596 -114.015 14.242
  endloop
 endfacet

 facet normal 0 0 1
  outer loop
  vertex -409.821 -178.241 14.242
  vertex -345.596 -114.015 14.242
  vertex -409.821 -130.872 14.242
  endloop
 endfacet

 facet normal 0 0 1
  outer loop
  vertex -409.821 -130.872 14.242
  vertex -345.596 -114.015 14.242
  vertex -369.471 -78.2837 14.242
  endloop
 endfacet

 facet normal 0 0 1
  outer loop
  vertex -409.821 -130.872 14.242
  vertex -369.471 -78.2837 14.242
  vertex -409.821 -83.504 14.242
  endloop
 endfacet

 facet normal 0 0 1
  outer loop
  vertex -409.821 -83.504 14.242
  vertex -369.471 -78.2837 14.242
  vertex -377.854 -36.1356 14.242
  endloop
 endfacet

 facet normal 0 0 1
  outer loop
  vertex -409.821 -83.504 14.242
  vertex -377.854 -36.1356 14.242
  vertex -409.821 -36.1356 14.242
  endloop
 endfacet

 facet normal 0 0 1
  outer loop
  vertex -409.821 -36.1356 14.242
  vertex -377.854 -36.1356 14.242
  vertex -369.471 6.01248 14.242
  endloop
 endfacet

 facet normal 0 0 1
  outer loop
  vertex -409.821 -36.1356 14.242
  vertex -369.471 6.01248 14.242
  vertex -409.821 11.2328 14.242
  endloop
 endfacet

 facet normal 0 0 1
  outer loop
  vertex -409.821 11.2328 14.242
  vertex -369.471 6.01248 14.242
  vertex -345.596 41.7439 14.242
  endloop
 endfacet

 facet normal 0 0 1
  outer loop
  vertex -409.821 11.2328 14.242
  vertex -345.596 41.7439 14.242
  vertex -409.821 58.6012 14.242
  endloop
 endfacet

 facet normal 0 0 1
  outer loop
  vertex -362.453 -794.03 14.242
  vertex -315.085 -794.03 14.242
  vertex -315.085 -746.662 14.242
  endloop
 endfacet

 facet normal 0 0 1
  outer loop
  vertex -362.453 -794.03 14.242
  vertex -315.085 -746.662 14.242
  vertex -362.453 -746.662 14.242
  endloop
 endfacet

 facet normal 0 0 1
  outer loop
  vertex -362.453 -746.662 14.242
  vertex -315.085 -746.662 14.242
  vertex -309.864 -706.311 14.242
  endloop
 endfacet

 facet normal 0 0 1
  outer loop
  vertex -362.453 -746.662 14.242
  vertex -309.864 -706.311 14.242
  vertex -345.596 -682.436 14.242
  endloop
 endfacet

 facet normal 0 0 1
  outer loop
  vertex -345.596 -526.677 14.242
  vertex -309.864 -502.802 14.242
  vertex -315.085 -462.451 14.242
  endloop
 endfacet

 facet normal 0 0 1
  outer loop
  vertex -345.596 -526.677 14.242
  vertex -315.085 -462.451 14.242
  vertex -362.453 -462.451 14.242
  endloop
 endfacet

 facet normal 0 0 1
  outer loop
  vertex -362.453 -462.451 14.242
  vertex -315.085 -462.451 14.242
  vertex -309.864 -422.101 14.242
  endloop
 endfacet

 facet normal 0 0 1
  outer loop
  vertex -362.453 -462.451 14.242
  vertex -309.864 -422.101 14.242
  vertex -345.596 -398.226 14.242
  endloop
 endfacet

 facet normal 0 0 1
  outer loop
  vertex -345.596 -242.467 14.242
  vertex -309.864 -218.592 14.242
  vertex -315.085 -178.241 14.242
  endloop
 endfacet

 facet normal 0 0 1
  outer loop
  vertex -345.596 -242.467 14.242
  vertex -315.085 -178.241 14.242
  vertex -362.453 -178.241 14.242
  endloop
 endfacet

 facet normal 0 0 1
  outer loop
  vertex -362.453 -178.241 14.242
  vertex -315.085 -178.241 14.242
  vertex -309.864 -137.89 14.242
  endloop
 endfacet

 facet normal 0 0 1
  outer loop
  vertex -362.453 -178.241 14.242
  vertex -309.864 -137.89 14.242
  vertex -345.596 -114.015 14.242
  endloop
 endfacet

 facet normal 0 0 1
  outer loop
  vertex -315.085 -794.03 14.242
  vertex -267.716 -794.03 14.242
  vertex -267.716 -746.662 14.242
  endloop
 endfacet

 facet normal 0 0 1
  outer loop
  vertex -315.085 -794.03 14.242
  vertex -267.716 -746.662 14.242
  vertex -315.085 -746.662 14.242
  endloop
 endfacet

 facet normal 0 0 1
  outer loop
  vertex -315.085 -746.662 14.242
  vertex -267.716 -746.662 14.242
  vertex -267.716 -714.695 14.242
  endloop
 endfacet

 facet normal 0 0 1
  outer loop
  vertex -315.085 -746.662 14.242
  vertex -267.716 -714.695 14.242
  vertex -309.864 -706.311 14.242
  endloop
 endfacet

 facet normal 0 0 1
  outer loop
  vertex -309.864 -502.802 14.242
  vertex -267.716 -494.418 14.242
  vertex -267.716 -462.451 14.242
  endloop
 endfacet

 facet normal 0 0 1
  outer loop
  vertex -309.864 -502.802 14.242
  vertex -267.716 -462.451 14.242
  vertex -315.085 -462.451 14.242
  endloop
 endfacet

 facet normal 0 0 1
  outer loop
  vertex -315.085 -462.451 14.242
  vertex -267.716 -462.451 14.242
  vertex -267.716 -430.484 14.242
  endloop
 endfacet

 facet normal 0 0 1
  outer loop
  vertex -315.085 -462.451 14.242
  vertex -267.716 -430.484 14.242
  vertex -309.864 -422.101 14.242
  endloop
 endfacet

 facet normal 0 0 1
  outer loop
  vertex -309.864 -218.592 14.242
  vertex -267.716 -210.208 14.242
  vertex -267.716 -178.241 14.242
  endloop
 endfacet

 facet normal 0 0 1
  outer loop
  vertex -309.864 -218.592 14.242
  vertex -267.716 -178.241 14.242
  vertex -315.085 -178.241 14.242
  endloop
 endfacet

 facet normal 0 0 1
  outer loop
  vertex -315.085 -178.241 14.242
  vertex -267.716 -178.241 14.242
  vertex -267.716 -146.274 14.242
  endloop
 endfacet

 facet normal 0 0 1
  outer loop
  vertex -315.085 -178.241 14.242
  vertex -267.716 -146.274 14.242
  vertex -309.864 -137.89 14.242
  endloop
 endfacet

 facet normal 0 0 1
  outer loop
  vertex -267.716 -794.03 14.242
  vertex -220.348 -794.03 14.242
  vertex -220.348 -746.662 14.242
  endloop
 endfacet

 facet normal 0 0 1
  outer loop
  vertex -267.716 -794.03 14.242
  vertex -220.348 -746.662 14.242
  vertex -267.716 -746.662 14.242
  endloop
 endfacet

 facet normal 0 0 1
  outer loop
  vertex -267.716 -746.662 14.242
  vertex -220.348 -746.662 14.242
  vertex -225.568 -706.311 14.242
  endloop
 endfacet

 facet normal 0 0 1
  outer loop
  vertex -267.716 -746.662 14.242
  vertex -225.568 -706.311 14.242
  vertex -267.716 -714.695 14.242
  endloop
 endfacet

 facet normal 0 0 1
  outer loop
  vertex -267.716 -494.418 14.242
  vertex -225.568 -502.802 14.242
  vertex -220.348 -462.451 14.242
  endloop
 endfacet

 facet normal 0 0 1
  outer loop
  vertex -267.716 -494.418 14.242
  vertex -220.348 -462.451 14.242
  vertex -267.716 -462.451 14.242
  endloop
 endfacet

 facet normal 0 0 1
  outer loop
  vertex -267.716 -462.451 14.242
  vertex -220.348 -462.451 14.242
  vertex -225.568 -422.101 14.242
  endloop
 endfacet

 facet normal 0 0 1
  outer loop
  vertex -267.716 -462.451 14.242
  vertex -225.568 -422.101 14.242
  vertex -267.716 -430.484 14.242
  endloop
 endfacet

 facet normal 0 0 1
  outer loop
  vertex -267.716 -210.208 14.242
  vertex -225.568 -218.592 14.242
  vertex -220.348 -178.241 14.242
  endloop
 endfacet

 facet normal 0 0 1
  outer loop
  vertex -267.716 -210.208 14.242
  vertex -220.348 -178.241 14.242
  vertex -267.716 -178.241 14.242
  endloop
 endfacet

 facet normal 0 0 1
  outer loop
  vertex -267.716 -178.241 14.242
  vertex -220.348 -178.241 14.242
  vertex -225.568 -137.89 14.242
  endloop
 endfacet

 facet normal 0 0 1
  outer loop
  vertex -267.716 -178.241 14.242
  vertex -225.568 -137.89 14.242
  vertex -267.716 -146.274 14.242
  endloop
 endfacet

 facet normal 0 0 1
  outer loop
  vertex -220.348 -794.03 14.242
  vertex -172.979 -794.03 14.242
  vertex -172.979 -746.662 14.242
  endloop
 endfacet

 facet normal 0 0 1
  outer loop
  vertex -220.348 -794.03 14.242
  vertex -172.979 -746.662 14.242
  vertex -220.348 -746.662 14.242
  endloop
 endfacet

 facet normal 0 0 1
  outer loop
  vertex -220.348 -746.662 14.242
  vertex -172.979 -746.662 14.242
  vertex -189.837 -682.436 14.242
  endloop
 endfacet

 facet normal 0 0 1
  outer loop
  vertex -220.348 -746.662 14.242
  vertex -189.837 -682.436 14.242
  vertex -225.568 -706.311 14.242
  endloop
 endfacet

 facet normal 0 0 1
  outer loop
  vertex -225.568 -502.802 14.242
  vertex -189.837 -526.677 14.242
  vertex -172.979 -462.451 14.242
  endloop
 endfacet

 facet normal 0 0 1
  outer loop
  vertex -225.568 -502.802 14.242
  vertex -172.979 -462.451 14.242
  vertex -220.348 -462.451 14.242
  endloop
 endfacet

 facet normal 0 0 1
  outer loop
  vertex -220.348 -462.451 14.242
  vertex -172.979 -462.451 14.242
  vertex -189.837 -398.226 14.242
  endloop
 endfacet

 facet normal 0 0 1
  outer loop
  vertex -220.348 -462.451 14.242
  vertex -189.837 -398.226 14.242
  vertex -225.568 -422.101 14.242
  endloop
 endfacet

 facet normal 0 0 1
  outer loop
  vertex -225.568 -218.592 14.242
  vertex -189.837 -242.467 14.242
  vertex -172.979 -178.241 14.242
  endloop
 endfacet

 facet normal 0 0 1
  outer loop
  vertex -225.568 -218.592 14.242
  vertex -172.979 -178.241 14.242
  vertex -220.348 -178.241 14.242
  endloop
 endfacet

 facet normal 0 0 1
  outer loop
  vertex -220.348 -178.241 14.242
  vertex -172.979 -178.241 14.242
  vertex -189.837 -114.015 14.242
  endloop
 endfacet

 facet normal 0 0 1
  outer loop
  vertex -220.348 -178.241 14.242
  vertex -189.837 -114.015 14.242
  vertex -225.568 -137.89 14.242
  endloop
 endfacet

 facet normal 0 0 1
  outer loop
  vertex -172.979 -794.03 14.242
  vertex -125.611 -794.03 14.242
  vertex -125.611 -746.662 14.242
  endloop
 endfacet

 facet normal 0 0 1
  outer loop
  vertex -172.979 -794.03 14.242
  vertex -125.611 -746.662 14.242
  vertex -172.979 -746.662 14.242
  endloop
 endfacet

 facet normal 0 0 1
  outer loop
  vertex -172.979 -746.662 14.242
  vertex -125.611 -746.662 14.242
  vertex -125.611 -699.294 14.242
  endloop
 endfacet

 facet normal 0 0 1
  outer loop
  vertex -172.979 -746.662 14.242
  vertex -125.611 -699.294 14.242
  vertex -189.837 -682.436 14.242
  endloop
 endfacet

 facet normal 0 0 1
  outer loop
  vertex -189.837 -682.436 14.242
  vertex -125.611 -699.294 14.242
  vertex -125.611 -651.925 14.242
  endloop
 endfacet

 facet normal 0 0 1
  outer loop
  vertex -189.837 -682.436 14.242
  vertex -125.611 -651.925 14.242
  vertex -165.962 -646.705 14.242
  endloop
 endfacet

 facet normal 0 0 1
  outer loop
  vertex -165.962 -646.705 14.242
  vertex -125.611 -651.925 14.242
  vertex -125.611 -604.557 14.242
  endloop
 endfacet

 facet normal 0 0 1
  outer loop
  vertex -165.962 -646.705 14.242
  vertex -125.611 -604.557 14.242
  vertex -157.578 -604.557 14.242
  endloop
 endfacet

 facet normal 0 0 1
  outer loop
  vertex -157.578 -604.557 14.242
  vertex -125.611 -604.557 14.242
  vertex -125.611 -557.188 14.242
  endloop
 endfacet

 facet normal 0 0 1
  outer loop
  vertex -157.578 -604.557 14.242
  vertex -125.611 -557.188 14.242
  vertex -165.962 -562.409 14.242
  endloop
 endfacet

 facet normal 0 0 1
  outer loop
  vertex -165.962 -562.409 14.242
  vertex -125.611 -557.188 14.242
  vertex -125.611 -509.82 14.242
  endloop
 endfacet

 facet normal 0 0 1
  outer loop
  vertex -165.962 -562.409 14.242
  vertex -125.611 -509.82 14.242
  vertex -189.837 -526.677 14.242
  endloop
 endfacet

 facet normal 0 0 1
  outer loop
  vertex -189.837 -526.677 14.242
  vertex -125.611 -509.82 14.242
  vertex -125.611 -462.451 14.242
  endloop
 endfacet

 facet normal 0 0 1
  outer loop
  vertex -189.837 -526.677 14.242
  vertex -125.611 -462.451 14.242
  vertex -172.979 -462.451 14.242
  endloop
 endfacet

 facet normal 0 0 1
  outer loop
  vertex -172.979 -462.451 14.242
  vertex -125.611 -462.451 14.242
  vertex -125.611 -415.083 14.242
  endloop
 endfacet

 facet normal 0 0 1
  outer loop
  vertex -172.979 -462.451 14.242
  vertex -125.611 -415.083 14.242
  vertex -189.837 -398.226 14.242
  endloop
 endfacet

 facet normal 0 0 1
  outer loop
  vertex -189.837 -398.226 14.242
  vertex -125.611 -415.083 14.242
  vertex -125.611 -367.715 14.242
  endloop
 endfacet

 facet normal 0 0 1
  outer loop
  vertex -189.837 -398.226 14.242
  vertex -125.611 -367.715 14.242
  vertex -165.962 -362.494 14.242
  endloop
 endfacet

 facet normal 0 0 1
  outer loop
  vertex -165.962 -362.494 14.242
  vertex -125.611 -367.715 14.242
  vertex -125.611 -320.346 14.242
  endloop
 endfacet

 facet normal 0 0 1
  outer loop
  vertex -165.962 -362.494 14.242
  vertex -125.611 -320.346 14.242
  vertex -157.578 -320.346 14.242
  endloop
 endfacet

 facet normal 0 0 1
  outer loop
  vertex -157.578 -320.346 14.242
  vertex -125.611 -320.346 14.242
  vertex -125.611 -272.978 14.242
  endloop
 endfacet

 facet normal 0 0 1
  outer loop
  vertex -157.578 -320.346 14.242
  vertex -125.611 -272.978 14.242
  vertex -165.962 -278.198 14.242
  endloop
 endfacet

 facet normal 0 0 1
  outer loop
  vertex -165.962 -278.198 14.242
  vertex -125.611 -272.978 14.242
  vertex -125.611 -225.609 14.242
  endloop
 endfacet

 facet normal 0 0 1
  outer loop
  vertex -165.962 -278.198 14.242
  vertex -125.611 -225.609 14.242
  vertex -189.837 -242.467 14.242
  endloop
 endfacet

 facet normal 0 0 1
  outer loop
  vertex -189.837 -242.467 14.242
  vertex -125.611 -225.609 14.242
  vertex -125.611 -178.241 14.242
  endloop
 endfacet

 facet normal 0 0 1
  outer loop
  vertex -189.837 -242.467 14.242
  vertex -125.611 -178.241 14.242
  vertex -172.979 -178.241 14.242
  endloop
 endfacet

 facet normal 0 0 1
  outer loop
  vertex -172.979 -178.241 14.242
  vertex -125.611 -178.241 14.242
  vertex -125.611 -130.872 14.242
  endloop
 endfacet

 facet normal 0 0 1
  outer loop
  vertex -172.979 -178.241 14.242
  vertex -125.611 -130.872 14.242
  vertex -189.837 -114.015 14.242
  endloop
 endfacet

 facet normal 0 0 1
  outer loop
  vertex -189.837 -114.015 14.242
  vertex -125.611 -130.872 14.242
  vertex -125.611 -83.504 14.242
  endloop
 endfacet

 facet normal 0 0 1
  outer loop
  vertex -189.837 -114.015 14.242
  vertex -125.611 -83.504 14.242
  vertex -165.962 -78.2837 14.242
  endloop
 endfacet

 facet normal 0 0 1
  outer loop
  vertex -165.962 -78.2837 14.242
  vertex -125.611 -83.504 14.242
  vertex -125.611 -36.1356 14.242
  endloop
 endfacet

 facet normal 0 0 1
  outer loop
  vertex -165.962 -78.2837 14.242
  vertex -125.611 -36.1356 14.242
  vertex -157.578 -36.1356 14.242
  endloop
 endfacet

 facet normal 0 0 1
  outer loop
  vertex -157.578 -36.1356 14.242
  vertex -125.611 -36.1356 14.242
  vertex -125.611 11.2328 14.242
  endloop
 endfacet

 facet normal 0 0 1
  outer loop
  vertex -157.578 -36.1356 14.242
  vertex -125.611 11.2328 14.242
  vertex -165.962 6.01245 14.242
  endloop
 endfacet

 facet normal 0 0 1
  outer loop
  vertex -165.962 6.01245 14.242
  vertex -125.611 11.2328 14.242
  vertex -125.611 58.6012 14.242
  endloop
 endfacet

 facet normal 0 0 1
  outer loop
  vertex -165.962 6.01245 14.242
  vertex -125.611 58.6012 14.242
  vertex -189.837 41.7439 14.242
  endloop
 endfacet

 facet normal 0 0 1
  outer loop
  vertex -125.611 -794.03 14.242
  vertex -78.2425 -794.03 14.242
  vertex -78.2425 -746.662 14.242
  endloop
 endfacet

 facet normal 0 0 1
  outer loop
  vertex -125.611 -794.03 14.242
  vertex -78.2425 -746.662 14.242
  vertex -125.611 -746.662 14.242
  endloop
 endfacet

 facet normal 0 0 1
  outer loop
  vertex -125.611 -746.662 14.242
  vertex -78.2425 -746.662 14.242
  vertex -61.3852 -682.436 14.242
  endloop
 endfacet

 facet normal 0 0 1
  outer loop
  vertex -125.611 -746.662 14.242
  vertex -61.3852 -682.436 14.242
  vertex -125.611 -699.294 14.242
  endloop
 endfacet

 facet normal 0 0 1
  outer loop
  vertex -125.611 -699.294 14.242
  vertex -61.3852 -682.436 14.242
  vertex -85.2601 -646.705 14.242
  endloop
 endfacet

 facet normal 0 0 1
  outer loop
  vertex -125.611 -699.294 14.242
  vertex -85.2601 -646.705 14.242
  vertex -125.611 -651.925 14.242
  endloop
 endfacet

 facet normal 0 0 1
  outer loop
  vertex -125.611 -651.925 14.242
  vertex -85.2601 -646.705 14.242
  vertex -93.6439 -604.557 14.242
  endloop
 endfacet

 facet normal 0 0 1
  outer loop
  vertex -125.611 -651.925 14.242
  vertex -93.6439 -604.557 14.242
  vertex -125.611 -604.557 14.242
  endloop
 endfacet

 facet normal 0 0 1
  outer loop
  vertex -125.611 -604.557 14.242
  vertex -93.6439 -604.557 14.242
  vertex -85.2601 -562.409 14.242
  endloop
 endfacet

 facet normal 0 0 1
  outer loop
  vertex -125.611 -604.557 14.242
  vertex -85.2601 -562.409 14.242
  vertex -125.611 -557.188 14.242
  endloop
 endfacet

 facet normal 0 0 1
  outer loop
  vertex -125.611 -557.188 14.242
  vertex -85.2601 -562.409 14.242
  vertex -61.3851 -526.677 14.242
  endloop
 endfacet

 facet normal 0 0 1
  outer loop
  vertex -125.611 -557.188 14.242
  vertex -61.3851 -526.677 14.242
  vertex -125.611 -509.82 14.242
  endloop
 endfacet

 facet normal 0 0 1
  outer loop
  vertex -125.611 -509.82 14.242
  vertex -61.3851 -526.677 14.242
  vertex -78.2425 -462.451 14.242
  endloop
 endfacet

 facet normal 0 0 1
  outer loop
  vertex -125.611 -509.82 14.242
  vertex -78.2425 -462.451 14.242
  vertex -125.611 -462.451 14.242
  endloop
 endfacet

 facet normal 0 0 1
  outer loop
  vertex -125.611 -462.451 14.242
  vertex -78.2425 -462.451 14.242
  vertex -61.3851 -398.226 14.242
  endloop
 endfacet

 facet normal 0 0 1
  outer loop
  vertex -125.611 -462.451 14.242
  vertex -61.3851 -398.226 14.242
  vertex -125.611 -415.083 14.242
  endloop
 endfacet

 facet normal 0 0 1
  outer loop
  vertex -125.611 -415.083 14.242
  vertex -61.3851 -398.226 14.242
  vertex -85.2601 -362.494 14.242
  endloop
 endfacet

 facet normal 0 0 1
  outer loop
  vertex -125.611 -415.083 14.242
  vertex -85.2601 -362.494 14.242
  vertex -125.611 -367.715 14.242
  endloop
 endfacet

 facet normal 0 0 1
  outer loop
  vertex -125.611 -367.715 14.242
  vertex -85.2601 -362.494 14.242
  vertex -93.6439 -320.346 14.242
  endloop
 endfacet

 facet normal 0 0 1
  outer loop
  vertex -125.611 -367.715 14.242
  vertex -93.6439 -320.346 14.242
  vertex -125.611 -320.346 14.242
  endloop
 endfacet

 facet normal 0 0 1
  outer loop
  vertex -125.611 -320.346 14.242
  vertex -93.6439 -320.346 14.242
  vertex -85.2601 -278.198 14.242
  endloop
 endfacet

 facet normal 0 0 1
  outer loop
  vertex -125.611 -320.346 14.242
  vertex -85.2601 -278.198 14.242
  vertex -125.611 -272.978 14.242
  endloop
 endfacet

 facet normal 0 0 1
  outer loop
  vertex -125.611 -272.978 14.242
  vertex -85.2601 -278.198 14.242
  vertex -61.3852 -242.467 14.242
  endloop
 endfacet

 facet normal 0 0 1
  outer loop
  vertex -125.611 -272.978 14.242
  vertex -61.3852 -242.467 14.242
  vertex -125.611 -225.609 14.242
  endloop
 endfacet

 facet normal 0 0 1
  outer loop
  vertex -125.611 -225.609 14.242
  vertex -61.3852 -242.467 14.242
  vertex -78.2425 -178.241 14.242
  endloop
 endfacet

 facet normal 0 0 1
  outer loop
  vertex -125.611 -225.609 14.242
  vertex -78.2425 -178.241 14.242
  vertex -125.611 -178.241 14.242
  endloop
 endfacet

 facet normal 0 0 1
  outer loop
  vertex -125.611 -178.241 14.242
  vertex -78.2425 -178.241 14.242
  vertex -61.3851 -114.015 14.242
  endloop
 endfacet

 facet normal 0 0 1
  outer loop
  vertex -125.611 -178.241 14.242
  vertex -61.3851 -114.015 14.242
  vertex -125.611 -130.872 14.242
  endloop
 endfacet

 facet normal 0 0 1
  outer loop
  vertex -125.611 -130.872 14.242
  vertex -61.3851 -114.015 14.242
  vertex -85.2601 -78.2837 14.242
  endloop
 endfacet

 facet normal 0 0 1
  outer loop
  vertex -125.611 -130.872 14.242
  vertex -85.2601 -78.2837 14.242
  vertex -125.611 -83.504 14.242
  endloop
 endfacet

 facet normal 0 0 1
  outer loop
  vertex -125.611 -83.504 14.242
  vertex -85.2601 -78.2837 14.242
  vertex -93.6439 -36.1356 14.242
  endloop
 endfacet

 facet normal 0 0 1
  outer loop
  vertex -125.611 -83.504 14.242
  vertex -93.6439 -36.1356 14.242
  vertex -125.611 -36.1356 14.242
  endloop
 endfacet

 facet normal 0 0 1
  outer loop
  vertex -125.611 -36.1356 14.242
  vertex -93.6439 -36.1356 14.242
  vertex -85.2601 6.01245 14.242
  endloop
 endfacet

 facet normal 0 0 1
  outer loop
  vertex -125.611 -36.1356 14.242
  vertex -85.2601 6.01245 14.242
  vertex -125.611 11.2328 14.242
  endloop
 endfacet

 facet normal 0 0 1
  outer loop
  vertex -125.611 11.2328 14.242
  vertex -85.2601 6.01245 14.242
  vertex -61.3852 41.7439 14.242
  endloop
 endfacet

 facet normal 0 0 1
  outer loop
  vertex -125.611 11.2328 14.242
  vertex -61.3852 41.7439 14.242
  vertex -125.611 58.6012 14.242
  endloop
 endfacet

 facet normal 0 0 1
  outer loop
  vertex -78.2425 -794.03 14.242
  vertex -30.8741 -794.03 14.242
  vertex -30.8741 -746.662 14.242
  endloop
 endfacet

 facet normal 0 0 1
  outer loop
  vertex -78.2425 -794.03 14.242
  vertex -30.8741 -746.662 14.242
  vertex -78.2425 -746.662 14.242
  endloop
 endfacet

 facet normal 0 0 1
  outer loop
  vertex -78.2425 -746.662 14.242
  vertex -30.8741 -746.662 14.242
  vertex -25.6538 -706.311 14.242
  endloop
 endfacet

 facet normal 0 0 1
  outer loop
  vertex -78.2425 -746.662 14.242
  vertex -25.6538 -706.311 14.242
  vertex -61.3852 -682.436 14.242
  endloop
 endfacet

 facet normal 0 0 1
  outer loop
  vertex -61.3851 -526.677 14.242
  vertex -25.6537 -502.802 14.242
  vertex -30.8741 -462.451 14.242
  endloop
 endfacet

 facet normal 0 0 1
  outer loop
  vertex -61.3851 -526.677 14.242
  vertex -30.8741 -462.451 14.242
  vertex -78.2425 -462.451 14.242
  endloop
 endfacet

 facet normal 0 0 1
  outer loop
  vertex -78.2425 -462.451 14.242
  vertex -30.8741 -462.451 14.242
  vertex -25.6537 -422.101 14.242
  endloop
 endfacet

 facet normal 0 0 1
  outer loop
  vertex -78.2425 -462.451 14.242
  vertex -25.6537 -422.101 14.242
  vertex -61.3851 -398.226 14.242
  endloop
 endfacet

 facet normal 0 0 1
  outer loop
  vertex -61.3852 -242.467 14.242
  vertex -25.6538 -218.592 14.242
  vertex -30.8741 -178.241 14.242
  endloop
 endfacet

 facet normal 0 0 1
  outer loop
  vertex -61.3852 -242.467 14.242
  vertex -30.8741 -178.241 14.242
  vertex -78.2425 -178.241 14.242
  endloop
 endfacet

 facet normal 0 0 1
  outer loop
  vertex -78.2425 -178.241 14.242
  vertex -30.8741 -178.241 14.242
  vertex -25.6537 -137.89 14.242
  endloop
 endfacet

 facet normal 0 0 1
  outer loop
  vertex -78.2425 -178.241 14.242
  vertex -25.6537 -137.89 14.242
  vertex -61.3851 -114.015 14.242
  endloop
 endfacet

 facet normal 0 0 1
  outer loop
  vertex -30.8741 -794.03 14.242
  vertex 16.4944 -794.03 14.242
  vertex 16.4944 -746.662 14.242
  endloop
 endfacet

 facet normal 0 0 1
  outer loop
  vertex -30.8741 -794.03 14.242
  vertex 16.4944 -746.662 14.242
  vertex -30.8741 -746.662 14.242
  endloop
 endfacet

 facet normal 0 0 1
  outer loop
  vertex -30.8741 -746.662 14.242
  vertex 16.4944 -746.662 14.242
  vertex 16.4943 -714.695 14.242
  endloop
 endfacet

 facet normal 0 0 1
  outer loop
  vertex -30.8741 -746.662 14.242
  vertex 16.4943 -714.695 14.242
  vertex -25.6538 -706.311 14.242
  endloop
 endfacet

 facet normal 0 0 1
  outer loop
  vertex -25.6537 -502.802 14.242
  vertex 16.4944 -494.418 14.242
  vertex 16.4944 -462.451 14.242
  endloop
 endfacet

 facet normal 0 0 1
  outer loop
  vertex -25.6537 -502.802 14.242
  vertex 16.4944 -462.451 14.242
  vertex -30.8741 -462.451 14.242
  endloop
 endfacet

 facet normal 0 0 1
  outer loop
  vertex -30.8741 -462.451 14.242
  vertex 16.4944 -462.451 14.242
  vertex 16.4944 -430.484 14.242
  endloop
 endfacet

 facet normal 0 0 1
  outer loop
  vertex -30.8741 -462.451 14.242
  vertex 16.4944 -430.484 14.242
  vertex -25.6537 -422.101 14.242
  endloop
 endfacet

 facet normal 0 0 1
  outer loop
  vertex -25.6538 -218.592 14.242
  vertex 16.4943 -210.208 14.242
  vertex 16.4944 -178.241 14.242
  endloop
 endfacet

 facet normal 0 0 1
  outer loop
  vertex -25.6538 -218.592 14.242
  vertex 16.4944 -178.241 14.242
  vertex -30.8741 -178.241 14.242
  endloop
 endfacet

 facet normal 0 0 1
  outer loop
  vertex -30.8741 -178.241 14.242
  vertex 16.4944 -178.241 14.242
  vertex 16.4944 -146.274 14.242
  endloop
 endfacet

 facet normal 0 0 1
  outer loop
  vertex -30.8741 -178.241 14.242
  vertex 16.4944 -146.274 14.242
  vertex -25.6537 -137.89 14.242
  endloop
 endfacet

 facet normal 0 0 1
  outer loop
  vertex 16.4944 -794.03 14.242
  vertex 63.8628 -794.03 14.242
  vertex 63.8628 -746.662 14.242
  endloop
 endfacet

 facet normal 0 0 1
  outer loop
  vertex 16.4944 -794.03 14.242
  vertex 63.8628 -746.662 14.242
  vertex 16.4944 -746.662 14.242
  endloop
 endfacet

 facet normal 0 0 1
  outer loop
  vertex 16.4944 -746.662 14.242
  vertex 63.8628 -746.662 14.242
  vertex 58.6424 -706.311 14.242
  endloop
 endfacet

 facet normal 0 0 1
  outer loop
  vertex 16.4944 -746.662 14.242
  vertex 58.6424 -706.311 14.242
  vertex 16.4943 -714.695 14.242
  endloop
 endfacet

 facet normal 0 0 1
  outer loop
  vertex 16.4944 -494.418 14.242
  vertex 58.6424 -502.802 14.242
  vertex 63.8628 -462.451 14.242
  endloop
 endfacet

 facet normal 0 0 1
  outer loop
  vertex 16.4944 -494.418 14.242
  vertex 63.8628 -462.451 14.242
  vertex 16.4944 -462.451 14.242
  endloop
 endfacet

 facet normal 0 0 1
  outer loop
  vertex 16.4944 -462.451 14.242
  vertex 63.8628 -462.451 14.242
  vertex 58.6424 -422.101 14.242
  endloop
 endfacet

 facet normal 0 0 1
  outer loop
  vertex 16.4944 -462.451 14.242
  vertex 58.6424 -422.101 14.242
  vertex 16.4944 -430.484 14.242
  endloop
 endfacet

 facet normal 0 0 1
  outer loop
  vertex 16.4943 -210.208 14.242
  vertex 58.6424 -218.592 14.242
  vertex 63.8628 -178.241 14.242
  endloop
 endfacet

 facet normal 0 0 1
  outer loop
  vertex 16.4943 -210.208 14.242
  vertex 63.8628 -178.241 14.242
  vertex 16.4944 -178.241 14.242
  endloop
 endfacet

 facet normal 0 0 1
  outer loop
  vertex 16.4944 -178.241 14.242
  vertex 63.8628 -178.241 14.242
  vertex 58.6424 -137.89 14.242
  endloop
 endfacet

 facet normal 0 0 1
  outer loop
  vertex 16.4944 -178.241 14.242
  vertex 58.6424 -137.89 14.242
  vertex 16.4944 -146.274 14.242
  endloop
 endfacet

 facet normal 0 0 1
  outer loop
  vertex 63.8628 -794.03 14.242
  vertex 111.231 -794.03 14.242
  vertex 111.231 -746.662 14.242
  endloop
 endfacet

 facet normal 0 0 1
  outer loop
  vertex 63.8628 -794.03 14.242
  vertex 111.231 -746.662 14.242
  vertex 63.8628 -746.662 14.242
  endloop
 endfacet

 facet normal 0 0 1
  outer loop
  vertex 63.8628 -746.662 14.242
  vertex 111.231 -746.662 14.242
  vertex 94.3738 -682.436 14.242
  endloop
 endfacet

 facet normal 0 0 1
  outer loop
  vertex 63.8628 -746.662 14.242
  vertex 94.3738 -682.436 14.242
  vertex 58.6424 -706.311 14.242
  endloop
 endfacet

 facet normal 0 0 1
  outer loop
  vertex 58.6424 -502.802 14.242
  vertex 94.3739 -526.677 14.242
  vertex 111.231 -462.451 14.242
  endloop
 endfacet

 facet normal 0 0 1
  outer loop
  vertex 58.6424 -502.802 14.242
  vertex 111.231 -462.451 14.242
  vertex 63.8628 -462.451 14.242
  endloop
 endfacet

 facet normal 0 0 1
  outer loop
  vertex 63.8628 -462.451 14.242
  vertex 111.231 -462.451 14.242
  vertex 94.3739 -398.226 14.242
  endloop
 endfacet

 facet normal 0 0 1
  outer loop
  vertex 63.8628 -462.451 14.242
  vertex 94.3739 -398.226 14.242
  vertex 58.6424 -422.101 14.242
  endloop
 endfacet

 facet normal 0 0 1
  outer loop
  vertex 58.6424 -218.592 14.242
  vertex 94.3738 -242.467 14.242
  vertex 111.231 -178.241 14.242
  endloop
 endfacet

 facet normal 0 0 1
  outer loop
  vertex 58.6424 -218.592 14.242
  vertex 111.231 -178.241 14.242
  vertex 63.8628 -178.241 14.242
  endloop
 endfacet

 facet normal 0 0 1
  outer loop
  vertex 63.8628 -178.241 14.242
  vertex 111.231 -178.241 14.242
  vertex 94.3739 -114.015 14.242
  endloop
 endfacet

 facet normal 0 0 1
  outer loop
  vertex 63.8628 -178.241 14.242
  vertex 94.3739 -114.015 14.242
  vertex 58.6424 -137.89 14.242
  endloop
 endfacet

 facet normal 0 0 1
  outer loop
  vertex 111.231 -794.03 14.242
  vertex 158.6 -794.03 14.242
  vertex 158.6 -746.662 14.242
  endloop
 endfacet

 facet normal 0 0 1
  outer loop
  vertex 111.231 -794.03 14.242
  vertex 158.6 -746.662 14.242
  vertex 111.231 -746.662 14.242
  endloop
 endfacet

 facet normal 0 0 1
  outer loop
  vertex 111.231 -746.662 14.242
  vertex 158.6 -746.662 14.242
  vertex 158.6 -699.294 14.242
  endloop
 endfacet

 facet normal 0 0 1
  outer loop
  vertex 111.231 -746.662 14.242
  vertex 158.6 -699.294 14.242
  vertex 94.3738 -682.436 14.242
  endloop
 endfacet

 facet normal 0 0 1
  outer loop
  vertex 94.3738 -682.436 14.242
  vertex 158.6 -699.294 14.242
  vertex 158.6 -651.925 14.242
  endloop
 endfacet

 facet normal 0 0 1
  outer loop
  vertex 94.3738 -682.436 14.242
  vertex 158.6 -651.925 14.242
  vertex 118.249 -646.705 14.242
  endloop
 endfacet

 facet normal 0 0 1
  outer loop
  vertex 118.249 -646.705 14.242
  vertex 158.6 -651.925 14.242
  vertex 158.6 -604.557 14.242
  endloop
 endfacet

 facet normal 0 0 1
  outer loop
  vertex 118.249 -646.705 14.242
  vertex 158.6 -604.557 14.242
  vertex 126.633 -604.557 14.242
  endloop
 endfacet

 facet normal 0 0 1
  outer loop
  vertex 126.633 -604.557 14.242
  vertex 158.6 -604.557 14.242
  vertex 158.6 -557.188 14.242
  endloop
 endfacet

 facet normal 0 0 1
  outer loop
  vertex 126.633 -604.557 14.242
  vertex 158.6 -557.188 14.242
  vertex 118.249 -562.409 14.242
  endloop
 endfacet

 facet normal 0 0 1
  outer loop
  vertex 118.249 -562.409 14.242
  vertex 158.6 -557.188 14.242
  vertex 158.6 -509.82 14.242
  endloop
 endfacet

 facet normal 0 0 1
  outer loop
  vertex 118.249 -562.409 14.242
  vertex 158.6 -509.82 14.242
  vertex 94.3739 -526.677 14.242
  endloop
 endfacet

 facet normal 0 0 1
  outer loop
  vertex 94.3739 -526.677 14.242
  vertex 158.6 -509.82 14.242
  vertex 158.6 -462.451 14.242
  endloop
 endfacet

 facet normal 0 0 1
  outer loop
  vertex 94.3739 -526.677 14.242
  vertex 158.6 -462.451 14.242
  vertex 111.231 -462.451 14.242
  endloop
 endfacet

 facet normal 0 0 1
  outer loop
  vertex 111.231 -462.451 14.242
  vertex 158.6 -462.451 14.242
  vertex 158.6 -415.083 14.242
  endloop
 endfacet

 facet normal 0 0 1
  outer loop
  vertex 111.231 -462.451 14.242
  vertex 158.6 -415.083 14.242
  vertex 94.3739 -398.226 14.242
  endloop
 endfacet

 facet normal 0 0 1
  outer loop
  vertex 94.3739 -398.226 14.242
  vertex 158.6 -415.083 14.242
  vertex 158.6 -367.715 14.242
  endloop
 endfacet

 facet normal 0 0 1
  outer loop
  vertex 94.3739 -398.226 14.242
  vertex 158.6 -367.715 14.242
  vertex 118.249 -362.494 14.242
  endloop
 endfacet

 facet normal 0 0 1
  outer loop
  vertex 118.249 -362.494 14.242
  vertex 158.6 -367.715 14.242
  vertex 158.6 -320.346 14.242
  endloop
 endfacet

 facet normal 0 0 1
  outer loop
  vertex 118.249 -362.494 14.242
  vertex 158.6 -320.346 14.242
  vertex 126.633 -320.346 14.242
  endloop
 endfacet

 facet normal 0 0 1
  outer loop
  vertex 126.633 -320.346 14.242
  vertex 158.6 -320.346 14.242
  vertex 158.6 -272.978 14.242
  endloop
 endfacet

 facet normal 0 0 1
  outer loop
  vertex 126.633 -320.346 14.242
  vertex 158.6 -272.978 14.242
  vertex 118.249 -278.198 14.242
  endloop
 endfacet

 facet normal 0 0 1
  outer loop
  vertex 118.249 -278.198 14.242
  vertex 158.6 -272.978 14.242
  vertex 158.6 -225.609 14.242
  endloop
 endfacet

 facet normal 0 0 1
  outer loop
  vertex 118.249 -278.198 14.242
  vertex 158.6 -225.609 14.242
  vertex 94.3738 -242.467 14.242
  endloop
 endfacet

 facet normal 0 0 1
  outer loop
  vertex 94.3738 -242.467 14.242
  vertex 158.6 -225.609 14.242
  vertex 158.6 -178.241 14.242
  endloop
 endfacet

 facet normal 0 0 1
  outer loop
  vertex 94.3738 -242.467 14.242
  vertex 158.6 -178.241 14.242
  vertex 111.231 -178.241 14.242
  endloop
 endfacet

 facet normal 0 0 1
  outer loop
  vertex 111.231 -178.241 14.242
  vertex 158.6 -178.241 14.242
  vertex 158.6 -130.872 14.242
  endloop
 endfacet

 facet normal 0 0 1
  outer loop
  vertex 111.231 -178.241 14.242
  vertex 158.6 -130.872 14.242
  vertex 94.3739 -114.015 14.242
  endloop
 endfacet

 facet normal 0 0 1
  outer loop
  vertex 94.3739 -114.015 14.242
  vertex 158.6 -130.872 14.242
  vertex 158.6 -83.504 14.242
  endloop
 endfacet

 facet normal 0 0 1
  outer loop
  vertex 94.3739 -114.015 14.242
  vertex 158.6 -83.504 14.242
  vertex 118.249 -78.2837 14.242
  endloop
 endfacet

 facet normal 0 0 1
  outer loop
  vertex 118.249 -78.2837 14.242
  vertex 158.6 -83.504 14.242
  vertex 158.6 -36.1356 14.242
  endloop
 endfacet

 facet normal 0 0 1
  outer loop
  vertex 118.249 -78.2837 14.242
  vertex 158.6 -36.1356 14.242
  vertex 126.633 -36.1356 14.242
  endloop
 endfacet

 facet normal 0 0 1
  outer loop
  vertex 126.633 -36.1356 14.242
  vertex 158.6 -36.1356 14.242
  vertex 158.6 11.2328 14.242
  endloop
 endfacet

 facet normal 0 0 1
  outer loop
  vertex 126.633 -36.1356 14.242
  vertex 158.6 11.2328 14.242
  vertex 118.249 6.01248 14.242
  endloop
 endfacet

 facet normal 0 0 1
  outer loop
  vertex 118.249 6.01248 14.242
  vertex 158.6 11.2328 14.242
  vertex 158.6 58.6012 14.242
  endloop
 endfacet

 facet normal 0 0 1
  outer loop
  vertex 118.249 6.01248 14.242
  vertex 158.6 58.6012 14.242
  vertex 94.3738 41.7439 14.242
  endloop
 endfacet

 facet normal 0 0 1
  outer loop
  vertex -741.4 105.94 14.242
  vertex -694.032 105.94 14.242
  vertex -694.032 153.308 14.242
  endloop
 endfacet

 facet normal 0 0 1
  outer loop
  vertex -741.4 105.94 14.242
  vertex -694.032 153.308 14.242
  vertex -741.4 153.308 14.242
  endloop
 endfacet

 facet normal 0 0 1
  outer loop
  vertex -694.032 105.94 14.242
  vertex -646.664 105.94 14.242
  vertex -646.664 153.308 14.242
  endloop
 endfacet

 facet normal 0 0 1
  outer loop
  vertex -694.032 105.94 14.242
  vertex -646.664 153.308 14.242
  vertex -694.032 153.308 14.242
  endloop
 endfacet

 facet normal 0 0 1
  outer loop
  vertex -646.664 105.94 14.242
  vertex -599.295 105.94 14.242
  vertex -599.295 153.308 14.242
  endloop
 endfacet

 facet normal 0 0 1
  outer loop
  vertex -646.664 105.94 14.242
  vertex -599.295 153.308 14.242
  vertex -646.664 153.308 14.242
  endloop
 endfacet

 facet normal 0 0 1
  outer loop
  vertex -599.295 105.94 14.242
  vertex -551.927 105.94 14.242
  vertex -551.927 153.308 14.242
  endloop
 endfacet

 facet normal 0 0 1
  outer loop
  vertex -599.295 105.94 14.242
  vertex -551.927 153.308 14.242
  vertex -599.295 153.308 14.242
  endloop
 endfacet

 facet normal 0 0 1
  outer loop
  vertex -551.927 105.94 14.242
  vertex -504.558 105.94 14.242
  vertex -504.558 153.308 14.242
  endloop
 endfacet

 facet normal 0 0 1
  outer loop
  vertex -551.927 105.94 14.242
  vertex -504.558 153.308 14.242
  vertex -551.927 153.308 14.242
  endloop
 endfacet

 facet normal 0 0 1
  outer loop
  vertex -504.558 105.94 14.242
  vertex -457.19 105.94 14.242
  vertex -457.19 153.308 14.242
  endloop
 endfacet

 facet normal 0 0 1
  outer loop
  vertex -504.558 105.94 14.242
  vertex -457.19 153.308 14.242
  vertex -504.558 153.308 14.242
  endloop
 endfacet

 facet normal 0 0 1
  outer loop
  vertex -457.19 105.94 14.242
  vertex -409.821 105.94 14.242
  vertex -409.821 153.308 14.242
  endloop
 endfacet

 facet normal 0 0 1
  outer loop
  vertex -457.19 105.94 14.242
  vertex -409.821 153.308 14.242
  vertex -457.19 153.308 14.242
  endloop
 endfacet

 facet normal 0 0 1
  outer loop
  vertex -409.821 105.94 14.242
  vertex -362.453 105.94 14.242
  vertex -362.453 153.308 14.242
  endloop
 endfacet

 facet normal 0 0 1
  outer loop
  vertex -409.821 105.94 14.242
  vertex -362.453 153.308 14.242
  vertex -409.821 153.308 14.242
  endloop
 endfacet

 facet normal 0 0 1
  outer loop
  vertex -362.453 105.94 14.242
  vertex -315.085 105.94 14.242
  vertex -315.085 153.308 14.242
  endloop
 endfacet

 facet normal 0 0 1
  outer loop
  vertex -362.453 105.94 14.242
  vertex -315.085 153.308 14.242
  vertex -362.453 153.308 14.242
  endloop
 endfacet

 facet normal 0 0 1
  outer loop
  vertex -315.085 105.94 14.242
  vertex -267.716 105.94 14.242
  vertex -267.716 153.308 14.242
  endloop
 endfacet

 facet normal 0 0 1
  outer loop
  vertex -315.085 105.94 14.242
  vertex -267.716 153.308 14.242
  vertex -315.085 153.308 14.242
  endloop
 endfacet

 facet normal 0 0 1
  outer loop
  vertex -267.716 105.94 14.242
  vertex -220.348 105.94 14.242
  vertex -220.348 153.308 14.242
  endloop
 endfacet

 facet normal 0 0 1
  outer loop
  vertex -267.716 105.94 14.242
  vertex -220.348 153.308 14.242
  vertex -267.716 153.308 14.242
  endloop
 endfacet

 facet normal 0 0 1
  outer loop
  vertex -220.348 105.94 14.242
  vertex -172.979 105.94 14.242
  vertex -172.979 153.308 14.242
  endloop
 endfacet

 facet normal 0 0 1
  outer loop
  vertex -220.348 105.94 14.242
  vertex -172.979 153.308 14.242
  vertex -220.348 153.308 14.242
  endloop
 endfacet

 facet normal 0 0 1
  outer loop
  vertex -172.979 105.94 14.242
  vertex -125.611 105.94 14.242
  vertex -125.611 153.308 14.242
  endloop
 endfacet

 facet normal 0 0 1
  outer loop
  vertex -172.979 105.94 14.242
  vertex -125.611 153.308 14.242
  vertex -172.979 153.308 14.242
  endloop
 endfacet

 facet normal 0 0 1
  outer loop
  vertex -125.611 105.94 14.242
  vertex -78.2424 105.94 14.242
  vertex -78.2424 153.308 14.242
  endloop
 endfacet

 facet normal 0 0 1
  outer loop
  vertex -125.611 105.94 14.242
  vertex -78.2424 153.308 14.242
  vertex -125.611 153.308 14.242
  endloop
 endfacet

 facet normal 0 0 1
  outer loop
  vertex -78.2424 105.94 14.242
  vertex -30.874 105.94 14.242
  vertex -30.874 153.308 14.242
  endloop
 endfacet

 facet normal 0 0 1
  outer loop
  vertex -78.2424 105.94 14.242
  vertex -30.874 153.308 14.242
  vertex -78.2424 153.308 14.242
  endloop
 endfacet

 facet normal 0 0 1
  outer loop
  vertex -30.874 105.94 14.242
  vertex 16.4944 105.94 14.242
  vertex 16.4944 153.308 14.242
  endloop
 endfacet

 facet normal 0 0 1
  outer loop
  vertex -30.874 105.94 14.242
  vertex 16.4944 153.308 14.242
  vertex -30.874 153.308 14.242
  endloop
 endfacet

 facet normal 0 0 1
  outer loop
  vertex 16.4944 105.94 14.242
  vertex 63.8628 105.94 14.242
  vertex 63.8628 153.308 14.242
  endloop
 endfacet

 facet normal 0 0 1
  outer loop
  vertex 16.4944 105.94 14.242
  vertex 63.8628 153.308 14.242
  vertex 16.4944 153.308 14.242
  endloop
 endfacet

 facet normal 0 0 1
  outer loop
  vertex 63.8628 105.94 14.242
  vertex 111.231 105.94 14.242
  vertex 111.231 153.308 14.242
  endloop
 endfacet

 facet normal 0 0 1
  outer loop
  vertex 63.8628 105.94 14.242
  vertex 111.231 153.308 14.242
  vertex 63.8628 153.308 14.242
  endloop
 endfacet

 facet normal 0 0 1
  outer loop
  vertex 111.231 105.94 14.242
  vertex 158.6 105.94 14.242
  vertex 158.6 153.308 14.242
  endloop
 endfacet

 facet normal 0 0 1
  outer loop
  vertex 111.231 105.94 14.242
  vertex 158.6 153.308 14.242
  vertex 111.231 153.308 14.242
  endloop
 endfacet

 facet normal 0 0 1
  outer loop
  vertex 158.428 -794.03 14.242
  vertex 205.796 -794.03 14.242
  vertex 205.796 -746.662 14.242
  endloop
 endfacet

 facet normal 0 0 1
  outer loop
  vertex 158.428 -794.03 14.242
  vertex 205.796 -746.662 14.242
  vertex 158.428 -746.662 14.242
  endloop
 endfacet

 facet normal 0 0 1
  outer loop
  vertex 158.428 -746.662 14.242
  vertex 205.796 -746.662 14.242
  vertex 205.796 -699.294 14.242
  endloop
 endfacet

 facet normal 0 0 1
  outer loop
  vertex 158.428 -746.662 14.242
  vertex 205.796 -699.294 14.242
  vertex 158.428 -699.294 14.242
  endloop
 endfacet

 facet normal 0 0 1
  outer loop
  vertex 158.428 -699.294 14.242
  vertex 205.796 -699.294 14.242
  vertex 205.796 -651.925 14.242
  endloop
 endfacet

 facet normal 0 0 1
  outer loop
  vertex 158.428 -699.294 14.242
  vertex 205.796 -651.925 14.242
  vertex 158.428 -651.925 14.242
  endloop
 endfacet

 facet normal 0 0 1
  outer loop
  vertex 158.428 -651.925 14.242
  vertex 205.796 -651.925 14.242
  vertex 205.796 -604.557 14.242
  endloop
 endfacet

 facet normal 0 0 1
  outer loop
  vertex 158.428 -651.925 14.242
  vertex 205.796 -604.557 14.242
  vertex 158.428 -604.557 14.242
  endloop
 endfacet

 facet normal 0 0 1
  outer loop
  vertex 158.428 -604.557 14.242
  vertex 205.796 -604.557 14.242
  vertex 205.796 -557.188 14.242
  endloop
 endfacet

 facet normal 0 0 1
  outer loop
  vertex 158.428 -604.557 14.242
  vertex 205.796 -557.188 14.242
  vertex 158.428 -557.188 14.242
  endloop
 endfacet

 facet normal 0 0 1
  outer loop
  vertex 158.428 -557.188 14.242
  vertex 205.796 -557.188 14.242
  vertex 205.796 -509.82 14.242
  endloop
 endfacet

 facet normal 0 0 1
  outer loop
  vertex 158.428 -557.188 14.242
  vertex 205.796 -509.82 14.242
  vertex 158.428 -509.82 14.242
  endloop
 endfacet

 facet normal 0 0 1
  outer loop
  vertex 158.428 -509.82 14.242
  vertex 205.796 -509.82 14.242
  vertex 205.796 -462.451 14.242
  endloop
 endfacet

 facet normal 0 0 1
  outer loop
  vertex 158.428 -509.82 14.242
  vertex 205.796 -462.451 14.242
  vertex 158.428 -462.451 14.242
  endloop
 endfacet

 facet normal 0 0 1
  outer loop
  vertex 158.428 -462.451 14.242
  vertex 205.796 -462.451 14.242
  vertex 205.796 -415.083 14.242
  endloop
 endfacet

 facet normal 0 0 1
  outer loop
  vertex 158.428 -462.451 14.242
  vertex 205.796 -415.083 14.242
  vertex 158.428 -415.083 14.242
  endloop
 endfacet

 facet normal 0 0 1
  outer loop
  vertex 158.428 -415.083 14.242
  vertex 205.796 -415.083 14.242
  vertex 205.796 -367.715 14.242
  endloop
 endfacet

 facet normal 0 0 1
  outer loop
  vertex 158.428 -415.083 14.242
  vertex 205.796 -367.715 14.242
  vertex 158.428 -367.715 14.242
  endloop
 endfacet

 facet normal 0 0 1
  outer loop
  vertex 158.428 -367.715 14.242
  vertex 205.796 -367.715 14.242
  vertex 205.796 -320.346 14.242
  endloop
 endfacet

 facet normal 0 0 1
  outer loop
  vertex 158.428 -367.715 14.242
  vertex 205.796 -320.346 14.242
  vertex 158.428 -320.346 14.242
  endloop
 endfacet

 facet normal 0 0 1
  outer loop
  vertex 158.428 -320.346 14.242
  vertex 205.796 -320.346 14.242
  vertex 205.796 -272.978 14.242
  endloop
 endfacet

 facet normal 0 0 1
  outer loop
  vertex 158.428 -320.346 14.242
  vertex 205.796 -272.978 14.242
  vertex 158.428 -272.978 14.242
  endloop
 endfacet

 facet normal 0 0 1
  outer loop
  vertex 158.428 -272.978 14.242
  vertex 205.796 -272.978 14.242
  vertex 205.796 -225.609 14.242
  endloop
 endfacet

 facet normal 0 0 1
  outer loop
  vertex 158.428 -272.978 14.242
  vertex 205.796 -225.609 14.242
  vertex 158.428 -225.609 14.242
  endloop
 endfacet

 facet normal 0 0 1
  outer loop
  vertex 158.428 -225.609 14.242
  vertex 205.796 -225.609 14.242
  vertex 205.796 -178.241 14.242
  endloop
 endfacet

 facet normal 0 0 1
  outer loop
  vertex 158.428 -225.609 14.242
  vertex 205.796 -178.241 14.242
  vertex 158.428 -178.241 14.242
  endloop
 endfacet

 facet normal 0 0 1
  outer loop
  vertex 158.428 -178.241 14.242
  vertex 205.796 -178.241 14.242
  vertex 205.796 -130.872 14.242
  endloop
 endfacet

 facet normal 0 0 1
  outer loop
  vertex 158.428 -178.241 14.242
  vertex 205.796 -130.872 14.242
  vertex 158.428 -130.872 14.242
  endloop
 endfacet

 facet normal 0 0 1
  outer loop
  vertex 158.428 -130.872 14.242
  vertex 205.796 -130.872 14.242
  vertex 205.796 -83.504 14.242
  endloop
 endfacet

 facet normal 0 0 1
  outer loop
  vertex 158.428 -130.872 14.242
  vertex 205.796 -83.504 14.242
  vertex 158.428 -83.5041 14.242
  endloop
 endfacet

 facet normal 0 0 1
  outer loop
  vertex 158.428 -83.5041 14.242
  vertex 205.796 -83.504 14.242
  vertex 205.796 -36.1356 14.242
  endloop
 endfacet

 facet normal 0 0 1
  outer loop
  vertex 158.428 -83.5041 14.242
  vertex 205.796 -36.1356 14.242
  vertex 158.428 -36.1357 14.242
  endloop
 endfacet

 facet normal 0 0 1
  outer loop
  vertex 158.428 -36.1357 14.242
  vertex 205.796 -36.1356 14.242
  vertex 205.796 11.2328 14.242
  endloop
 endfacet

 facet normal 0 0 1
  outer loop
  vertex 158.428 -36.1357 14.242
  vertex 205.796 11.2328 14.242
  vertex 158.428 11.2328 14.242
  endloop
 endfacet

 facet normal 0 0 1
  outer loop
  vertex 158.428 11.2328 14.242
  vertex 205.796 11.2328 14.242
  vertex 205.796 58.6012 14.242
  endloop
 endfacet

 facet normal 0 0 1
  outer loop
  vertex 158.428 11.2328 14.242
  vertex 205.796 58.6012 14.242
  vertex 158.428 58.6012 14.242
  endloop
 endfacet

 facet normal 0 0 1
  outer loop
  vertex 158.6 105.94 14.242
  vertex 205.796 105.94 14.242
  vertex 205.796 153.308 14.242
  endloop
 endfacet

 facet normal 0 0 1
  outer loop
  vertex 158.6 105.94 14.242
  vertex 205.796 153.308 14.242
  vertex 158.6 153.308 14.242
  endloop
 endfacet

 facet normal 0 0 1
  outer loop
  vertex 157.929 58.6012 14.242
  vertex 205.298 58.6012 14.242
  vertex 205.298 105.023 14.242
  endloop
 endfacet

 facet normal 0 0 1
  outer loop
  vertex 157.929 58.6012 14.242
  vertex 205.298 105.023 14.242
  vertex 157.929 105.023 14.242
  endloop
 endfacet

 facet normal 0 0 1
  outer loop
  vertex 158.6 105.94 -28.7954
  vertex 205.796 105.94 -28.7954
  vertex 205.796 153.308 -28.7954
  endloop
 endfacet

 facet normal 0 0 1
  outer loop
  vertex 158.6 105.94 -28.7954
  vertex 205.796 153.308 -28.7954
  vertex 158.6 153.308 -28.7954
  endloop
 endfacet

 facet normal 0 0 1
  outer loop
  vertex -78.2424 105.94 -28.7954
  vertex -30.874 105.94 -28.7954
  vertex -30.874 153.308 -28.7954
  endloop
 endfacet

 facet normal 0 0 1
  outer loop
  vertex -78.2424 105.94 -28.7954
  vertex -30.874 153.308 -28.7954
  vertex -78.2424 153.308 -28.7954
  endloop
 endfacet

 facet normal 0 0 1
  outer loop
  vertex -157.578 -604.557 -28.7954
  vertex -125.611 -604.557 -28.7954
  vertex -125.611 -557.188 -28.7954
  endloop
 endfacet

 facet normal 0 0 1
  outer loop
  vertex -157.578 -604.557 -28.7954
  vertex -125.611 -557.188 -28.7954
  vertex -165.962 -562.409 -28.7954
  endloop
 endfacet

 facet normal 0 0 1
  outer loop
  vertex -741.4 -272.978 -28.7954
  vertex -694.032 -272.978 -28.7954
  vertex -694.032 -225.609 -28.7954
  endloop
 endfacet

 facet normal 0 0 1
  outer loop
  vertex -741.4 -272.978 -28.7954
  vertex -694.032 -225.609 -28.7954
  vertex -741.4 -225.609 -28.7954
  endloop
 endfacet

 facet normal 0 0 1
  outer loop
  vertex -125.611 105.94 -28.7954
  vertex -78.2424 105.94 -28.7954
  vertex -78.2424 153.308 -28.7954
  endloop
 endfacet

 facet normal 0 0 1
  outer loop
  vertex -125.611 105.94 -28.7954
  vertex -78.2424 153.308 -28.7954
  vertex -125.611 153.308 -28.7954
  endloop
 endfacet

 facet normal 0 0 1
  outer loop
  vertex -409.821 11.2328 -28.7954
  vertex -369.471 6.01248 -28.7954
  vertex -345.596 41.7439 -28.7954
  endloop
 endfacet

 facet normal 0 0 1
  outer loop
  vertex -409.821 11.2328 -28.7954
  vertex -345.596 41.7439 -28.7954
  vertex -409.821 58.6012 -28.7954
  endloop
 endfacet

 facet normal 0 0 1
  outer loop
  vertex -165.962 -278.198 -28.7954
  vertex -125.611 -272.978 -28.7954
  vertex -125.611 -225.609 -28.7954
  endloop
 endfacet

 facet normal 0 0 1
  outer loop
  vertex -165.962 -278.198 -28.7954
  vertex -125.611 -225.609 -28.7954
  vertex -189.837 -242.467 -28.7954
  endloop
 endfacet

 facet normal 0 0 1
  outer loop
  vertex 126.633 -36.1356 -28.7954
  vertex 158.6 -36.1356 -28.7954
  vertex 158.6 11.2328 -28.7954
  endloop
 endfacet

 facet normal 0 0 1
  outer loop
  vertex 126.633 -36.1356 -28.7954
  vertex 158.6 11.2328 -28.7954
  vertex 118.249 6.01248 -28.7954
  endloop
 endfacet

 facet normal 0 0 1
  outer loop
  vertex -78.2425 -794.03 -28.7954
  vertex -30.8741 -794.03 -28.7954
  vertex -30.8741 -746.662 -28.7954
  endloop
 endfacet

 facet normal 0 0 1
  outer loop
  vertex -78.2425 -794.03 -28.7954
  vertex -30.8741 -746.662 -28.7954
  vertex -78.2425 -746.662 -28.7954
  endloop
 endfacet

 facet normal 0 0 1
  outer loop
  vertex -125.611 11.2328 -28.7954
  vertex -85.2601 6.01245 -28.7954
  vertex -61.3852 41.7439 -28.7954
  endloop
 endfacet

 facet normal 0 0 1
  outer loop
  vertex -125.611 11.2328 -28.7954
  vertex -61.3852 41.7439 -28.7954
  vertex -125.611 58.6012 -28.7954
  endloop
 endfacet

 facet normal 0 0 1
  outer loop
  vertex -165.962 -562.409 -28.7954
  vertex -125.611 -557.188 -28.7954
  vertex -125.611 -509.82 -28.7954
  endloop
 endfacet

 facet normal 0 0 1
  outer loop
  vertex -165.962 -562.409 -28.7954
  vertex -125.611 -509.82 -28.7954
  vertex -189.837 -526.677 -28.7954
  endloop
 endfacet

 facet normal 0 0 1
  outer loop
  vertex -267.716 -494.418 -28.7954
  vertex -225.568 -502.802 -28.7954
  vertex -220.348 -462.451 -28.7954
  endloop
 endfacet

 facet normal 0 0 1
  outer loop
  vertex -267.716 -494.418 -28.7954
  vertex -220.348 -462.451 -28.7954
  vertex -267.716 -462.451 -28.7954
  endloop
 endfacet

 facet normal 0 0 1
  outer loop
  vertex -694.032 -36.1356 -28.7954
  vertex -662.065 -36.1357 -28.7954
  vertex -653.681 6.01245 -28.7954
  endloop
 endfacet

 facet normal 0 0 1
  outer loop
  vertex -694.032 -36.1356 -28.7954
  vertex -653.681 6.01245 -28.7954
  vertex -694.032 11.2328 -28.7954
  endloop
 endfacet

 facet normal 0 0 1
  outer loop
  vertex -741.4 -130.872 -28.7954
  vertex -694.032 -130.872 -28.7954
  vertex -694.032 -83.504 -28.7954
  endloop
 endfacet

 facet normal 0 0 1
  outer loop
  vertex -741.4 -130.872 -28.7954
  vertex -694.032 -83.504 -28.7954
  vertex -741.4 -83.5041 -28.7954
  endloop
 endfacet

 facet normal 0 0 1
  outer loop
  vertex 63.8628 105.94 -28.7954
  vertex 111.231 105.94 -28.7954
  vertex 111.231 153.308 -28.7954
  endloop
 endfacet

 facet normal 0 0 1
  outer loop
  vertex 63.8628 105.94 -28.7954
  vertex 111.231 153.308 -28.7954
  vertex 63.8628 153.308 -28.7954
  endloop
 endfacet

 facet normal 0 0 1
  outer loop
  vertex 111.231 105.94 -28.7954
  vertex 158.6 105.94 -28.7954
  vertex 158.6 153.308 -28.7954
  endloop
 endfacet

 facet normal 0 0 1
  outer loop
  vertex 111.231 105.94 -28.7954
  vertex 158.6 153.308 -28.7954
  vertex 111.231 153.308 -28.7954
  endloop
 endfacet

 facet normal 0 0 1
  outer loop
  vertex 158.428 -794.03 -28.7954
  vertex 205.796 -794.03 -28.7954
  vertex 205.796 -746.662 -28.7954
  endloop
 endfacet

 facet normal 0 0 1
  outer loop
  vertex 158.428 -794.03 -28.7954
  vertex 205.796 -746.662 -28.7954
  vertex 158.428 -746.662 -28.7954
  endloop
 endfacet

 facet normal 0 0 1
  outer loop
  vertex 158.428 -746.662 -28.7954
  vertex 205.796 -746.662 -28.7954
  vertex 205.796 -699.294 -28.7954
  endloop
 endfacet

 facet normal 0 0 1
  outer loop
  vertex 158.428 -746.662 -28.7954
  vertex 205.796 -699.294 -28.7954
  vertex 158.428 -699.294 -28.7954
  endloop
 endfacet

 facet normal 0 0 1
  outer loop
  vertex -30.874 105.94 -28.7954
  vertex 16.4944 105.94 -28.7954
  vertex 16.4944 153.308 -28.7954
  endloop
 endfacet

 facet normal 0 0 1
  outer loop
  vertex -30.874 105.94 -28.7954
  vertex 16.4944 153.308 -28.7954
  vertex -30.874 153.308 -28.7954
  endloop
 endfacet

 facet normal 0 0 1
  outer loop
  vertex -267.716 -178.241 -28.7954
  vertex -220.348 -178.241 -28.7954
  vertex -225.568 -137.89 -28.7954
  endloop
 endfacet

 facet normal 0 0 1
  outer loop
  vertex -267.716 -178.241 -28.7954
  vertex -225.568 -137.89 -28.7954
  vertex -267.716 -146.274 -28.7954
  endloop
 endfacet

 facet normal 0 0 1
  outer loop
  vertex -165.962 -646.705 -28.7954
  vertex -125.611 -651.925 -28.7954
  vertex -125.611 -604.557 -28.7954
  endloop
 endfacet

 facet normal 0 0 1
  outer loop
  vertex -165.962 -646.705 -28.7954
  vertex -125.611 -604.557 -28.7954
  vertex -157.578 -604.557 -28.7954
  endloop
 endfacet

 facet normal 0 0 1
  outer loop
  vertex 16.4944 105.94 -28.7954
  vertex 63.8628 105.94 -28.7954
  vertex 63.8628 153.308 -28.7954
  endloop
 endfacet

 facet normal 0 0 1
  outer loop
  vertex 16.4944 105.94 -28.7954
  vertex 63.8628 153.308 -28.7954
  vertex 16.4944 153.308 -28.7954
  endloop
 endfacet

 facet normal 0 0 1
  outer loop
  vertex -409.821 -36.1356 -28.7954
  vertex -377.854 -36.1356 -28.7954
  vertex -369.471 6.01248 -28.7954
  endloop
 endfacet

 facet normal 0 0 1
  outer loop
  vertex -409.821 -36.1356 -28.7954
  vertex -369.471 6.01248 -28.7954
  vertex -409.821 11.2328 -28.7954
  endloop
 endfacet

 facet normal 0 0 1
  outer loop
  vertex 158.428 -36.1357 -28.7954
  vertex 205.796 -36.1356 -28.7954
  vertex 205.796 11.2328 -28.7954
  endloop
 endfacet

 facet normal 0 0 1
  outer loop
  vertex 158.428 -36.1357 -28.7954
  vertex 205.796 11.2328 -28.7954
  vertex 158.428 11.2328 -28.7954
  endloop
 endfacet

 facet normal 0 0 1
  outer loop
  vertex -220.348 -794.03 -28.7954
  vertex -172.979 -794.03 -28.7954
  vertex -172.979 -746.662 -28.7954
  endloop
 endfacet

 facet normal 0 0 1
  outer loop
  vertex -220.348 -794.03 -28.7954
  vertex -172.979 -746.662 -28.7954
  vertex -220.348 -746.662 -28.7954
  endloop
 endfacet

 facet normal 0 0 1
  outer loop
  vertex 158.428 11.2328 -28.7954
  vertex 205.796 11.2328 -28.7954
  vertex 205.796 58.6012 -28.7954
  endloop
 endfacet

 facet normal 0 0 1
  outer loop
  vertex 158.428 11.2328 -28.7954
  vertex 205.796 58.6012 -28.7954
  vertex 158.428 58.6012 -28.7954
  endloop
 endfacet

 facet normal 0 0 1
  outer loop
  vertex 157.929 58.6012 -28.7954
  vertex 205.298 58.6012 -28.7954
  vertex 205.298 105.023 -28.7954
  endloop
 endfacet

 facet normal 0 0 1
  outer loop
  vertex 157.929 58.6012 -28.7954
  vertex 205.298 105.023 -28.7954
  vertex 157.929 105.023 -28.7954
  endloop
 endfacet

 facet normal 0 0 1
  outer loop
  vertex -599.295 -794.03 -28.7954
  vertex -551.927 -794.03 -28.7954
  vertex -551.927 -746.662 -28.7954
  endloop
 endfacet

 facet normal 0 0 1
  outer loop
  vertex -599.295 -794.03 -28.7954
  vertex -551.927 -746.662 -28.7954
  vertex -599.295 -746.662 -28.7954
  endloop
 endfacet

 facet normal 0 0 1
  outer loop
  vertex -741.4 -36.1357 -28.7954
  vertex -694.032 -36.1356 -28.7954
  vertex -694.032 11.2328 -28.7954
  endloop
 endfacet

 facet normal 0 0 1
  outer loop
  vertex -741.4 -36.1357 -28.7954
  vertex -694.032 11.2328 -28.7954
  vertex -741.4 11.2328 -28.7954
  endloop
 endfacet

 facet normal 0 0 1
  outer loop
  vertex 158.428 -225.609 -28.7954
  vertex 205.796 -225.609 -28.7954
  vertex 205.796 -178.241 -28.7954
  endloop
 endfacet

 facet normal 0 0 1
  outer loop
  vertex 158.428 -225.609 -28.7954
  vertex 205.796 -178.241 -28.7954
  vertex 158.428 -178.241 -28.7954
  endloop
 endfacet

 facet normal 0 0 1
  outer loop
  vertex -694.032 -320.346 -28.7954
  vertex -662.065 -320.346 -28.7954
  vertex -653.681 -278.198 -28.7954
  endloop
 endfacet

 facet normal 0 0 1
  outer loop
  vertex -694.032 -320.346 -28.7954
  vertex -653.681 -278.198 -28.7954
  vertex -694.032 -272.978 -28.7954
  endloop
 endfacet

 facet normal 0 0 1
  outer loop
  vertex 158.428 -130.872 -28.7954
  vertex 205.796 -130.872 -28.7954
  vertex 205.796 -83.504 -28.7954
  endloop
 endfacet

 facet normal 0 0 1
  outer loop
  vertex 158.428 -130.872 -28.7954
  vertex 205.796 -83.504 -28.7954
  vertex 158.428 -83.5041 -28.7954
  endloop
 endfacet

 facet normal 0 0 1
  outer loop
  vertex -362.453 105.94 -28.7954
  vertex -315.085 105.94 -28.7954
  vertex -315.085 153.308 -28.7954
  endloop
 endfacet

 facet normal 0 0 1
  outer loop
  vertex -362.453 105.94 -28.7954
  vertex -315.085 153.308 -28.7954
  vertex -362.453 153.308 -28.7954
  endloop
 endfacet

 facet normal 0 0 1
  outer loop
  vertex 158.428 -178.241 -28.7954
  vertex 205.796 -178.241 -28.7954
  vertex 205.796 -130.872 -28.7954
  endloop
 endfacet

 facet normal 0 0 1
  outer loop
  vertex 158.428 -178.241 -28.7954
  vertex 205.796 -130.872 -28.7954
  vertex 158.428 -130.872 -28.7954
  endloop
 endfacet

 facet normal 0 0 1
  outer loop
  vertex -172.979 105.94 -28.7954
  vertex -125.611 105.94 -28.7954
  vertex -125.611 153.308 -28.7954
  endloop
 endfacet

 facet normal 0 0 1
  outer loop
  vertex -172.979 105.94 -28.7954
  vertex -125.611 153.308 -28.7954
  vertex -172.979 153.308 -28.7954
  endloop
 endfacet

 facet normal 0 0 1
  outer loop
  vertex 158.428 -83.5041 -28.7954
  vertex 205.796 -83.504 -28.7954
  vertex 205.796 -36.1356 -28.7954
  endloop
 endfacet

 facet normal 0 0 1
  outer loop
  vertex 158.428 -83.5041 -28.7954
  vertex 205.796 -36.1356 -28.7954
  vertex 158.428 -36.1357 -28.7954
  endloop
 endfacet

 facet normal 0 0 1
  outer loop
  vertex -267.716 -210.208 -28.7954
  vertex -225.568 -218.592 -28.7954
  vertex -220.348 -178.241 -28.7954
  endloop
 endfacet

 facet normal 0 0 1
  outer loop
  vertex -267.716 -210.208 -28.7954
  vertex -220.348 -178.241 -28.7954
  vertex -267.716 -178.241 -28.7954
  endloop
 endfacet

 facet normal 0 0 1
  outer loop
  vertex -267.716 -462.451 -28.7954
  vertex -220.348 -462.451 -28.7954
  vertex -225.568 -422.101 -28.7954
  endloop
 endfacet

 facet normal 0 0 1
  outer loop
  vertex -267.716 -462.451 -28.7954
  vertex -225.568 -422.101 -28.7954
  vertex -267.716 -430.484 -28.7954
  endloop
 endfacet

 facet normal 0 0 1
  outer loop
  vertex -315.085 -178.241 -28.7954
  vertex -267.716 -178.241 -28.7954
  vertex -267.716 -146.274 -28.7954
  endloop
 endfacet

 facet normal 0 0 1
  outer loop
  vertex -315.085 -178.241 -28.7954
  vertex -267.716 -146.274 -28.7954
  vertex -309.864 -137.89 -28.7954
  endloop
 endfacet

 facet normal 0 0 1
  outer loop
  vertex -309.864 -218.592 -28.7954
  vertex -267.716 -210.208 -28.7954
  vertex -267.716 -178.241 -28.7954
  endloop
 endfacet

 facet normal 0 0 1
  outer loop
  vertex -309.864 -218.592 -28.7954
  vertex -267.716 -178.241 -28.7954
  vertex -315.085 -178.241 -28.7954
  endloop
 endfacet

 facet normal 0 0 1
  outer loop
  vertex -189.837 -114.015 -28.7954
  vertex -125.611 -130.872 -28.7954
  vertex -125.611 -83.504 -28.7954
  endloop
 endfacet

 facet normal 0 0 1
  outer loop
  vertex -189.837 -114.015 -28.7954
  vertex -125.611 -83.504 -28.7954
  vertex -165.962 -78.2837 -28.7954
  endloop
 endfacet

 facet normal 0 0 1
  outer loop
  vertex -309.864 -502.802 -28.7954
  vertex -267.716 -494.418 -28.7954
  vertex -267.716 -462.451 -28.7954
  endloop
 endfacet

 facet normal 0 0 1
  outer loop
  vertex -309.864 -502.802 -28.7954
  vertex -267.716 -462.451 -28.7954
  vertex -315.085 -462.451 -28.7954
  endloop
 endfacet

 facet normal 0 0 1
  outer loop
  vertex -315.085 -462.451 -28.7954
  vertex -267.716 -462.451 -28.7954
  vertex -267.716 -430.484 -28.7954
  endloop
 endfacet

 facet normal 0 0 1
  outer loop
  vertex -315.085 -462.451 -28.7954
  vertex -267.716 -430.484 -28.7954
  vertex -309.864 -422.101 -28.7954
  endloop
 endfacet

 facet normal 0 0 1
  outer loop
  vertex -362.453 -794.03 -28.7954
  vertex -315.085 -794.03 -28.7954
  vertex -315.085 -746.662 -28.7954
  endloop
 endfacet

 facet normal 0 0 1
  outer loop
  vertex -362.453 -794.03 -28.7954
  vertex -315.085 -746.662 -28.7954
  vertex -362.453 -746.662 -28.7954
  endloop
 endfacet

 facet normal 0 0 1
  outer loop
  vertex -741.4 -509.82 -28.7954
  vertex -694.032 -509.82 -28.7954
  vertex -694.032 -462.451 -28.7954
  endloop
 endfacet

 facet normal 0 0 1
  outer loop
  vertex -741.4 -509.82 -28.7954
  vertex -694.032 -462.451 -28.7954
  vertex -741.4 -462.451 -28.7954
  endloop
 endfacet

 facet normal 0 0 1
  outer loop
  vertex -741.4 -557.188 -28.7954
  vertex -694.032 -557.188 -28.7954
  vertex -694.032 -509.82 -28.7954
  endloop
 endfacet

 facet normal 0 0 1
  outer loop
  vertex -741.4 -557.188 -28.7954
  vertex -694.032 -509.82 -28.7954
  vertex -741.4 -509.82 -28.7954
  endloop
 endfacet

 facet normal 0 0 1
  outer loop
  vertex -741.4 -320.346 -28.7954
  vertex -694.032 -320.346 -28.7954
  vertex -694.032 -272.978 -28.7954
  endloop
 endfacet

 facet normal 0 0 1
  outer loop
  vertex -741.4 -320.346 -28.7954
  vertex -694.032 -272.978 -28.7954
  vertex -741.4 -272.978 -28.7954
  endloop
 endfacet

 facet normal 0 0 1
  outer loop
  vertex -741.4 -367.715 -28.7954
  vertex -694.032 -367.715 -28.7954
  vertex -694.032 -320.346 -28.7954
  endloop
 endfacet

 facet normal 0 0 1
  outer loop
  vertex -741.4 -367.715 -28.7954
  vertex -694.032 -320.346 -28.7954
  vertex -741.4 -320.346 -28.7954
  endloop
 endfacet

 facet normal 0 0 1
  outer loop
  vertex -362.453 -746.662 -28.7954
  vertex -315.085 -746.662 -28.7954
  vertex -309.864 -706.311 -28.7954
  endloop
 endfacet

 facet normal 0 0 1
  outer loop
  vertex -362.453 -746.662 -28.7954
  vertex -309.864 -706.311 -28.7954
  vertex -345.596 -682.436 -28.7954
  endloop
 endfacet

 facet normal 0 0 1
  outer loop
  vertex -741.4 -415.083 -28.7954
  vertex -694.032 -415.083 -28.7954
  vertex -694.032 -367.715 -28.7954
  endloop
 endfacet

 facet normal 0 0 1
  outer loop
  vertex -741.4 -415.083 -28.7954
  vertex -694.032 -367.715 -28.7954
  vertex -741.4 -367.715 -28.7954
  endloop
 endfacet

 facet normal 0 0 1
  outer loop
  vertex -741.4 -462.451 -28.7954
  vertex -694.032 -462.451 -28.7954
  vertex -694.032 -415.083 -28.7954
  endloop
 endfacet

 facet normal 0 0 1
  outer loop
  vertex -741.4 -462.451 -28.7954
  vertex -694.032 -415.083 -28.7954
  vertex -741.4 -415.083 -28.7954
  endloop
 endfacet

 facet normal 0 0 1
  outer loop
  vertex -694.032 -509.82 -28.7954
  vertex -629.806 -526.677 -28.7954
  vertex -646.664 -462.451 -28.7954
  endloop
 endfacet

 facet normal 0 0 1
  outer loop
  vertex -694.032 -509.82 -28.7954
  vertex -646.664 -462.451 -28.7954
  vertex -694.032 -462.451 -28.7954
  endloop
 endfacet

 facet normal 0 0 1
  outer loop
  vertex -741.4 -604.557 -28.7954
  vertex -694.032 -604.557 -28.7954
  vertex -694.032 -557.188 -28.7954
  endloop
 endfacet

 facet normal 0 0 1
  outer loop
  vertex -741.4 -604.557 -28.7954
  vertex -694.032 -557.188 -28.7954
  vertex -741.4 -557.188 -28.7954
  endloop
 endfacet

 facet normal 0 0 1
  outer loop
  vertex -741.4 -651.925 -28.7954
  vertex -694.032 -651.925 -28.7954
  vertex -694.032 -604.557 -28.7954
  endloop
 endfacet

 facet normal 0 0 1
  outer loop
  vertex -741.4 -651.925 -28.7954
  vertex -694.032 -604.557 -28.7954
  vertex -741.4 -604.557 -28.7954
  endloop
 endfacet

 facet normal 0 0 1
  outer loop
  vertex 158.428 -509.82 -28.7954
  vertex 205.796 -509.82 -28.7954
  vertex 205.796 -462.451 -28.7954
  endloop
 endfacet

 facet normal 0 0 1
  outer loop
  vertex 158.428 -509.82 -28.7954
  vertex 205.796 -462.451 -28.7954
  vertex 158.428 -462.451 -28.7954
  endloop
 endfacet

 facet normal 0 0 1
  outer loop
  vertex -409.821 -83.504 -28.7954
  vertex -369.471 -78.2837 -28.7954
  vertex -377.854 -36.1356 -28.7954
  endloop
 endfacet

 facet normal 0 0 1
  outer loop
  vertex -409.821 -83.504 -28.7954
  vertex -377.854 -36.1356 -28.7954
  vertex -409.821 -36.1356 -28.7954
  endloop
 endfacet

 facet normal 0 0 1
  outer loop
  vertex -409.821 -130.872 -28.7954
  vertex -345.596 -114.015 -28.7954
  vertex -369.471 -78.2837 -28.7954
  endloop
 endfacet

 facet normal 0 0 1
  outer loop
  vertex -409.821 -130.872 -28.7954
  vertex -369.471 -78.2837 -28.7954
  vertex -409.821 -83.504 -28.7954
  endloop
 endfacet

 facet normal 0 0 1
  outer loop
  vertex -409.821 -178.241 -28.7954
  vertex -362.453 -178.241 -28.7954
  vertex -345.596 -114.015 -28.7954
  endloop
 endfacet

 facet normal 0 0 1
  outer loop
  vertex -409.821 -178.241 -28.7954
  vertex -345.596 -114.015 -28.7954
  vertex -409.821 -130.872 -28.7954
  endloop
 endfacet

 facet normal 0 0 1
  outer loop
  vertex -409.821 -225.609 -28.7954
  vertex -345.596 -242.467 -28.7954
  vertex -362.453 -178.241 -28.7954
  endloop
 endfacet

 facet normal 0 0 1
  outer loop
  vertex -409.821 -225.609 -28.7954
  vertex -362.453 -178.241 -28.7954
  vertex -409.821 -178.241 -28.7954
  endloop
 endfacet

 facet normal 0 0 1
  outer loop
  vertex -409.821 -272.978 -28.7954
  vertex -369.471 -278.198 -28.7954
  vertex -345.596 -242.467 -28.7954
  endloop
 endfacet

 facet normal 0 0 1
  outer loop
  vertex -409.821 -272.978 -28.7954
  vertex -345.596 -242.467 -28.7954
  vertex -409.821 -225.609 -28.7954
  endloop
 endfacet

 facet normal 0 0 1
  outer loop
  vertex -409.821 -367.715 -28.7954
  vertex -369.471 -362.494 -28.7954
  vertex -377.854 -320.346 -28.7954
  endloop
 endfacet

 facet normal 0 0 1
  outer loop
  vertex -409.821 -367.715 -28.7954
  vertex -377.854 -320.346 -28.7954
  vertex -409.821 -320.346 -28.7954
  endloop
 endfacet

 facet normal 0 0 1
  outer loop
  vertex -409.821 105.94 -28.7954
  vertex -362.453 105.94 -28.7954
  vertex -362.453 153.308 -28.7954
  endloop
 endfacet

 facet normal 0 0 1
  outer loop
  vertex -409.821 105.94 -28.7954
  vertex -362.453 153.308 -28.7954
  vertex -409.821 153.308 -28.7954
  endloop
 endfacet

 facet normal 0 0 1
  outer loop
  vertex -474.047 -242.467 -28.7954
  vertex -409.821 -225.609 -28.7954
  vertex -409.821 -178.241 -28.7954
  endloop
 endfacet

 facet normal 0 0 1
  outer loop
  vertex -474.047 -242.467 -28.7954
  vertex -409.821 -178.241 -28.7954
  vertex -457.19 -178.241 -28.7954
  endloop
 endfacet

 facet normal 0 0 1
  outer loop
  vertex -409.821 -604.557 -28.7954
  vertex -377.854 -604.557 -28.7954
  vertex -369.471 -562.409 -28.7954
  endloop
 endfacet

 facet normal 0 0 1
  outer loop
  vertex -409.821 -604.557 -28.7954
  vertex -369.471 -562.409 -28.7954
  vertex -409.821 -557.188 -28.7954
  endloop
 endfacet

 facet normal 0 0 1
  outer loop
  vertex 158.428 -462.451 -28.7954
  vertex 205.796 -462.451 -28.7954
  vertex 205.796 -415.083 -28.7954
  endloop
 endfacet

 facet normal 0 0 1
  outer loop
  vertex 158.428 -462.451 -28.7954
  vertex 205.796 -415.083 -28.7954
  vertex 158.428 -415.083 -28.7954
  endloop
 endfacet

 facet normal 0 0 1
  outer loop
  vertex 158.428 -557.188 -28.7954
  vertex 205.796 -557.188 -28.7954
  vertex 205.796 -509.82 -28.7954
  endloop
 endfacet

 facet normal 0 0 1
  outer loop
  vertex 158.428 -557.188 -28.7954
  vertex 205.796 -509.82 -28.7954
  vertex 158.428 -509.82 -28.7954
  endloop
 endfacet

 facet normal 0 0 1
  outer loop
  vertex 158.428 -604.557 -28.7954
  vertex 205.796 -604.557 -28.7954
  vertex 205.796 -557.188 -28.7954
  endloop
 endfacet

 facet normal 0 0 1
  outer loop
  vertex 158.428 -604.557 -28.7954
  vertex 205.796 -557.188 -28.7954
  vertex 158.428 -557.188 -28.7954
  endloop
 endfacet

 facet normal 0 0 1
  outer loop
  vertex -267.716 105.94 -28.7954
  vertex -220.348 105.94 -28.7954
  vertex -220.348 153.308 -28.7954
  endloop
 endfacet

 facet normal 0 0 1
  outer loop
  vertex -267.716 105.94 -28.7954
  vertex -220.348 153.308 -28.7954
  vertex -267.716 153.308 -28.7954
  endloop
 endfacet

 facet normal 0 0 1
  outer loop
  vertex -409.821 -320.346 -28.7954
  vertex -377.854 -320.346 -28.7954
  vertex -369.471 -278.198 -28.7954
  endloop
 endfacet

 facet normal 0 0 1
  outer loop
  vertex -409.821 -320.346 -28.7954
  vertex -369.471 -278.198 -28.7954
  vertex -409.821 -272.978 -28.7954
  endloop
 endfacet

 facet normal 0 0 1
  outer loop
  vertex -409.821 -746.662 -28.7954
  vertex -362.453 -746.662 -28.7954
  vertex -345.596 -682.436 -28.7954
  endloop
 endfacet

 facet normal 0 0 1
  outer loop
  vertex -409.821 -746.662 -28.7954
  vertex -345.596 -682.436 -28.7954
  vertex -409.821 -699.294 -28.7954
  endloop
 endfacet

 facet normal 0 0 1
  outer loop
  vertex -551.927 -746.662 -28.7954
  vertex -504.558 -746.662 -28.7954
  vertex -509.779 -706.311 -28.7954
  endloop
 endfacet

 facet normal 0 0 1
  outer loop
  vertex -551.927 -746.662 -28.7954
  vertex -509.779 -706.311 -28.7954
  vertex -551.927 -714.695 -28.7954
  endloop
 endfacet

 facet normal 0 0 1
  outer loop
  vertex -551.927 -794.03 -28.7954
  vertex -504.558 -794.03 -28.7954
  vertex -504.558 -746.662 -28.7954
  endloop
 endfacet

 facet normal 0 0 1
  outer loop
  vertex -551.927 -794.03 -28.7954
  vertex -504.558 -746.662 -28.7954
  vertex -551.927 -746.662 -28.7954
  endloop
 endfacet

 facet normal 0 0 1
  outer loop
  vertex -599.295 -178.241 -28.7954
  vertex -551.927 -178.241 -28.7954
  vertex -551.927 -146.274 -28.7954
  endloop
 endfacet

 facet normal 0 0 1
  outer loop
  vertex -599.295 -178.241 -28.7954
  vertex -551.927 -146.274 -28.7954
  vertex -594.075 -137.89 -28.7954
  endloop
 endfacet

 facet normal 0 0 1
  outer loop
  vertex -409.821 -415.083 -28.7954
  vertex -345.596 -398.226 -28.7954
  vertex -369.471 -362.494 -28.7954
  endloop
 endfacet

 facet normal 0 0 1
  outer loop
  vertex -409.821 -415.083 -28.7954
  vertex -369.471 -362.494 -28.7954
  vertex -409.821 -367.715 -28.7954
  endloop
 endfacet

 facet normal 0 0 1
  outer loop
  vertex -409.821 -462.451 -28.7954
  vertex -362.453 -462.451 -28.7954
  vertex -345.596 -398.226 -28.7954
  endloop
 endfacet

 facet normal 0 0 1
  outer loop
  vertex -409.821 -462.451 -28.7954
  vertex -345.596 -398.226 -28.7954
  vertex -409.821 -415.083 -28.7954
  endloop
 endfacet

 facet normal 0 0 1
  outer loop
  vertex -409.821 -794.03 -28.7954
  vertex -362.453 -794.03 -28.7954
  vertex -362.453 -746.662 -28.7954
  endloop
 endfacet

 facet normal 0 0 1
  outer loop
  vertex -409.821 -794.03 -28.7954
  vertex -362.453 -746.662 -28.7954
  vertex -409.821 -746.662 -28.7954
  endloop
 endfacet

 facet normal 0 0 1
  outer loop
  vertex -594.075 -218.592 -28.7954
  vertex -551.927 -210.208 -28.7954
  vertex -551.927 -178.241 -28.7954
  endloop
 endfacet

 facet normal 0 0 1
  outer loop
  vertex -594.075 -218.592 -28.7954
  vertex -551.927 -178.241 -28.7954
  vertex -599.295 -178.241 -28.7954
  endloop
 endfacet

 facet normal 0 0 1
  outer loop
  vertex -599.295 -462.451 -28.7954
  vertex -551.927 -462.451 -28.7954
  vertex -551.927 -430.484 -28.7954
  endloop
 endfacet

 facet normal 0 0 1
  outer loop
  vertex -599.295 -462.451 -28.7954
  vertex -551.927 -430.484 -28.7954
  vertex -594.075 -422.101 -28.7954
  endloop
 endfacet

 facet normal 0 0 1
  outer loop
  vertex -594.075 -502.802 -28.7954
  vertex -551.927 -494.418 -28.7954
  vertex -551.927 -462.451 -28.7954
  endloop
 endfacet

 facet normal 0 0 1
  outer loop
  vertex -594.075 -502.802 -28.7954
  vertex -551.927 -462.451 -28.7954
  vertex -599.295 -462.451 -28.7954
  endloop
 endfacet

 facet normal 0 0 1
  outer loop
  vertex -599.295 -746.662 -28.7954
  vertex -551.927 -746.662 -28.7954
  vertex -551.927 -714.695 -28.7954
  endloop
 endfacet

 facet normal 0 0 1
  outer loop
  vertex -599.295 -746.662 -28.7954
  vertex -551.927 -714.695 -28.7954
  vertex -594.075 -706.311 -28.7954
  endloop
 endfacet

 facet normal 0 0 1
  outer loop
  vertex -646.664 -178.241 -28.7954
  vertex -599.295 -178.241 -28.7954
  vertex -594.075 -137.89 -28.7954
  endloop
 endfacet

 facet normal 0 0 1
  outer loop
  vertex -646.664 -178.241 -28.7954
  vertex -594.075 -137.89 -28.7954
  vertex -629.806 -114.015 -28.7954
  endloop
 endfacet

 facet normal 0 0 1
  outer loop
  vertex -267.716 -746.662 -28.7954
  vertex -220.348 -746.662 -28.7954
  vertex -225.568 -706.311 -28.7954
  endloop
 endfacet

 facet normal 0 0 1
  outer loop
  vertex -267.716 -746.662 -28.7954
  vertex -225.568 -706.311 -28.7954
  vertex -267.716 -714.695 -28.7954
  endloop
 endfacet

 facet normal 0 0 1
  outer loop
  vertex -125.611 -509.82 -28.7954
  vertex -61.3851 -526.677 -28.7954
  vertex -78.2425 -462.451 -28.7954
  endloop
 endfacet

 facet normal 0 0 1
  outer loop
  vertex -125.611 -509.82 -28.7954
  vertex -78.2425 -462.451 -28.7954
  vertex -125.611 -462.451 -28.7954
  endloop
 endfacet

 facet normal 0 0 1
  outer loop
  vertex -172.979 -462.451 -28.7954
  vertex -125.611 -462.451 -28.7954
  vertex -125.611 -415.083 -28.7954
  endloop
 endfacet

 facet normal 0 0 1
  outer loop
  vertex -172.979 -462.451 -28.7954
  vertex -125.611 -415.083 -28.7954
  vertex -189.837 -398.226 -28.7954
  endloop
 endfacet

 facet normal 0 0 1
  outer loop
  vertex 94.3739 -114.015 -28.7954
  vertex 158.6 -130.872 -28.7954
  vertex 158.6 -83.504 -28.7954
  endloop
 endfacet

 facet normal 0 0 1
  outer loop
  vertex 94.3739 -114.015 -28.7954
  vertex 158.6 -83.504 -28.7954
  vertex 118.249 -78.2837 -28.7954
  endloop
 endfacet

 facet normal 0 0 1
  outer loop
  vertex 111.231 -178.241 -28.7954
  vertex 158.6 -178.241 -28.7954
  vertex 158.6 -130.872 -28.7954
  endloop
 endfacet

 facet normal 0 0 1
  outer loop
  vertex 111.231 -178.241 -28.7954
  vertex 158.6 -130.872 -28.7954
  vertex 94.3739 -114.015 -28.7954
  endloop
 endfacet

 facet normal 0 0 1
  outer loop
  vertex 94.3738 -242.467 -28.7954
  vertex 158.6 -225.609 -28.7954
  vertex 158.6 -178.241 -28.7954
  endloop
 endfacet

 facet normal 0 0 1
  outer loop
  vertex 94.3738 -242.467 -28.7954
  vertex 158.6 -178.241 -28.7954
  vertex 111.231 -178.241 -28.7954
  endloop
 endfacet

 facet normal 0 0 1
  outer loop
  vertex 118.249 -278.198 -28.7954
  vertex 158.6 -272.978 -28.7954
  vertex 158.6 -225.609 -28.7954
  endloop
 endfacet

 facet normal 0 0 1
  outer loop
  vertex 118.249 -278.198 -28.7954
  vertex 158.6 -225.609 -28.7954
  vertex 94.3738 -242.467 -28.7954
  endloop
 endfacet

 facet normal 0 0 1
  outer loop
  vertex -694.032 -462.451 -28.7954
  vertex -646.664 -462.451 -28.7954
  vertex -629.806 -398.226 -28.7954
  endloop
 endfacet

 facet normal 0 0 1
  outer loop
  vertex -694.032 -462.451 -28.7954
  vertex -629.806 -398.226 -28.7954
  vertex -694.032 -415.083 -28.7954
  endloop
 endfacet

 facet normal 0 0 1
  outer loop
  vertex -694.032 -557.188 -28.7954
  vertex -653.681 -562.409 -28.7954
  vertex -629.806 -526.677 -28.7954
  endloop
 endfacet

 facet normal 0 0 1
  outer loop
  vertex -694.032 -557.188 -28.7954
  vertex -629.806 -526.677 -28.7954
  vertex -694.032 -509.82 -28.7954
  endloop
 endfacet

 facet normal 0 0 1
  outer loop
  vertex -694.032 -604.557 -28.7954
  vertex -662.065 -604.557 -28.7954
  vertex -653.681 -562.409 -28.7954
  endloop
 endfacet

 facet normal 0 0 1
  outer loop
  vertex -694.032 -604.557 -28.7954
  vertex -653.681 -562.409 -28.7954
  vertex -694.032 -557.188 -28.7954
  endloop
 endfacet

 facet normal 0 0 1
  outer loop
  vertex -694.032 -651.925 -28.7954
  vertex -653.681 -646.705 -28.7954
  vertex -662.065 -604.557 -28.7954
  endloop
 endfacet

 facet normal 0 0 1
  outer loop
  vertex -694.032 -651.925 -28.7954
  vertex -662.065 -604.557 -28.7954
  vertex -694.032 -604.557 -28.7954
  endloop
 endfacet

 facet normal 0 0 1
  outer loop
  vertex -694.032 -699.294 -28.7954
  vertex -629.806 -682.436 -28.7954
  vertex -653.681 -646.705 -28.7954
  endloop
 endfacet

 facet normal 0 0 1
  outer loop
  vertex -694.032 -699.294 -28.7954
  vertex -653.681 -646.705 -28.7954
  vertex -694.032 -651.925 -28.7954
  endloop
 endfacet

 facet normal 0 0 1
  outer loop
  vertex -694.032 -746.662 -28.7954
  vertex -646.664 -746.662 -28.7954
  vertex -629.806 -682.436 -28.7954
  endloop
 endfacet

 facet normal 0 0 1
  outer loop
  vertex -694.032 -746.662 -28.7954
  vertex -629.806 -682.436 -28.7954
  vertex -694.032 -699.294 -28.7954
  endloop
 endfacet

 facet normal 0 0 1
  outer loop
  vertex -694.032 -794.03 -28.7954
  vertex -646.664 -794.03 -28.7954
  vertex -646.664 -746.662 -28.7954
  endloop
 endfacet

 facet normal 0 0 1
  outer loop
  vertex -694.032 -794.03 -28.7954
  vertex -646.664 -746.662 -28.7954
  vertex -694.032 -746.662 -28.7954
  endloop
 endfacet

 facet normal 0 0 1
  outer loop
  vertex -741.4 11.2328 -28.7954
  vertex -694.032 11.2328 -28.7954
  vertex -694.032 58.6012 -28.7954
  endloop
 endfacet

 facet normal 0 0 1
  outer loop
  vertex -741.4 11.2328 -28.7954
  vertex -694.032 58.6012 -28.7954
  vertex -741.4 58.6012 -28.7954
  endloop
 endfacet

 facet normal 0 0 1
  outer loop
  vertex -741.4 -83.5041 -28.7954
  vertex -694.032 -83.504 -28.7954
  vertex -694.032 -36.1356 -28.7954
  endloop
 endfacet

 facet normal 0 0 1
  outer loop
  vertex -741.4 -83.5041 -28.7954
  vertex -694.032 -36.1356 -28.7954
  vertex -741.4 -36.1357 -28.7954
  endloop
 endfacet

 facet normal 0 0 1
  outer loop
  vertex -741.4 -178.241 -28.7954
  vertex -694.032 -178.241 -28.7954
  vertex -694.032 -130.872 -28.7954
  endloop
 endfacet

 facet normal 0 0 1
  outer loop
  vertex -741.4 -178.241 -28.7954
  vertex -694.032 -130.872 -28.7954
  vertex -741.4 -130.872 -28.7954
  endloop
 endfacet

 facet normal 0 0 1
  outer loop
  vertex 126.633 -320.346 -28.7954
  vertex 158.6 -320.346 -28.7954
  vertex 158.6 -272.978 -28.7954
  endloop
 endfacet

 facet normal 0 0 1
  outer loop
  vertex 126.633 -320.346 -28.7954
  vertex 158.6 -272.978 -28.7954
  vertex 118.249 -278.198 -28.7954
  endloop
 endfacet

 facet normal 0 0 1
  outer loop
  vertex -61.3851 -526.677 -28.7954
  vertex -25.6537 -502.802 -28.7954
  vertex -30.8741 -462.451 -28.7954
  endloop
 endfacet

 facet normal 0 0 1
  outer loop
  vertex -61.3851 -526.677 -28.7954
  vertex -30.8741 -462.451 -28.7954
  vertex -78.2425 -462.451 -28.7954
  endloop
 endfacet

 facet normal 0 0 1
  outer loop
  vertex -741.4 -225.609 -28.7954
  vertex -694.032 -225.609 -28.7954
  vertex -694.032 -178.241 -28.7954
  endloop
 endfacet

 facet normal 0 0 1
  outer loop
  vertex -741.4 -225.609 -28.7954
  vertex -694.032 -178.241 -28.7954
  vertex -741.4 -178.241 -28.7954
  endloop
 endfacet

 facet normal 0 0 1
  outer loop
  vertex 158.428 -272.978 -28.7954
  vertex 205.796 -272.978 -28.7954
  vertex 205.796 -225.609 -28.7954
  endloop
 endfacet

 facet normal 0 0 1
  outer loop
  vertex 158.428 -272.978 -28.7954
  vertex 205.796 -225.609 -28.7954
  vertex 158.428 -225.609 -28.7954
  endloop
 endfacet

 facet normal 0 0 1
  outer loop
  vertex -629.806 -242.467 -28.7954
  vertex -594.075 -218.592 -28.7954
  vertex -599.295 -178.241 -28.7954
  endloop
 endfacet

 facet normal 0 0 1
  outer loop
  vertex -629.806 -242.467 -28.7954
  vertex -599.295 -178.241 -28.7954
  vertex -646.664 -178.241 -28.7954
  endloop
 endfacet

 facet normal 0 0 1
  outer loop
  vertex -125.611 -178.241 -28.7954
  vertex -78.2425 -178.241 -28.7954
  vertex -61.3851 -114.015 -28.7954
  endloop
 endfacet

 facet normal 0 0 1
  outer loop
  vertex -125.611 -178.241 -28.7954
  vertex -61.3851 -114.015 -28.7954
  vertex -125.611 -130.872 -28.7954
  endloop
 endfacet

 facet normal 0 0 1
  outer loop
  vertex -125.611 -272.978 -28.7954
  vertex -85.2601 -278.198 -28.7954
  vertex -61.3852 -242.467 -28.7954
  endloop
 endfacet

 facet normal 0 0 1
  outer loop
  vertex -125.611 -272.978 -28.7954
  vertex -61.3852 -242.467 -28.7954
  vertex -125.611 -225.609 -28.7954
  endloop
 endfacet

 facet normal 0 0 1
  outer loop
  vertex -315.085 105.94 -28.7954
  vertex -267.716 105.94 -28.7954
  vertex -267.716 153.308 -28.7954
  endloop
 endfacet

 facet normal 0 0 1
  outer loop
  vertex -315.085 105.94 -28.7954
  vertex -267.716 153.308 -28.7954
  vertex -315.085 153.308 -28.7954
  endloop
 endfacet

 facet normal 0 0 1
  outer loop
  vertex -78.2425 -746.662 -28.7954
  vertex -30.8741 -746.662 -28.7954
  vertex -25.6538 -706.311 -28.7954
  endloop
 endfacet

 facet normal 0 0 1
  outer loop
  vertex -78.2425 -746.662 -28.7954
  vertex -25.6538 -706.311 -28.7954
  vertex -61.3852 -682.436 -28.7954
  endloop
 endfacet

 facet normal 0 0 1
  outer loop
  vertex 118.249 -362.494 -28.7954
  vertex 158.6 -367.715 -28.7954
  vertex 158.6 -320.346 -28.7954
  endloop
 endfacet

 facet normal 0 0 1
  outer loop
  vertex 118.249 -362.494 -28.7954
  vertex 158.6 -320.346 -28.7954
  vertex 126.633 -320.346 -28.7954
  endloop
 endfacet

 facet normal 0 0 1
  outer loop
  vertex 118.249 -78.2837 -28.7954
  vertex 158.6 -83.504 -28.7954
  vertex 158.6 -36.1356 -28.7954
  endloop
 endfacet

 facet normal 0 0 1
  outer loop
  vertex 118.249 -78.2837 -28.7954
  vertex 158.6 -36.1356 -28.7954
  vertex 126.633 -36.1356 -28.7954
  endloop
 endfacet

 facet normal 0 0 1
  outer loop
  vertex -125.611 -225.609 -28.7954
  vertex -61.3852 -242.467 -28.7954
  vertex -78.2425 -178.241 -28.7954
  endloop
 endfacet

 facet normal 0 0 1
  outer loop
  vertex -125.611 -225.609 -28.7954
  vertex -78.2425 -178.241 -28.7954
  vertex -125.611 -178.241 -28.7954
  endloop
 endfacet

 facet normal 0 0 1
  outer loop
  vertex -125.611 -320.346 -28.7954
  vertex -93.6439 -320.346 -28.7954
  vertex -85.2601 -278.198 -28.7954
  endloop
 endfacet

 facet normal 0 0 1
  outer loop
  vertex -125.611 -320.346 -28.7954
  vertex -85.2601 -278.198 -28.7954
  vertex -125.611 -272.978 -28.7954
  endloop
 endfacet

 facet normal 0 0 1
  outer loop
  vertex -125.611 -794.03 -28.7954
  vertex -78.2425 -794.03 -28.7954
  vertex -78.2425 -746.662 -28.7954
  endloop
 endfacet

 facet normal 0 0 1
  outer loop
  vertex -125.611 -794.03 -28.7954
  vertex -78.2425 -746.662 -28.7954
  vertex -125.611 -746.662 -28.7954
  endloop
 endfacet

 facet normal 0 0 1
  outer loop
  vertex -165.962 -78.2837 -28.7954
  vertex -125.611 -83.504 -28.7954
  vertex -125.611 -36.1356 -28.7954
  endloop
 endfacet

 facet normal 0 0 1
  outer loop
  vertex -165.962 -78.2837 -28.7954
  vertex -125.611 -36.1356 -28.7954
  vertex -157.578 -36.1356 -28.7954
  endloop
 endfacet

 facet normal 0 0 1
  outer loop
  vertex -694.032 -415.083 -28.7954
  vertex -629.806 -398.226 -28.7954
  vertex -653.681 -362.494 -28.7954
  endloop
 endfacet

 facet normal 0 0 1
  outer loop
  vertex -694.032 -415.083 -28.7954
  vertex -653.681 -362.494 -28.7954
  vertex -694.032 -367.715 -28.7954
  endloop
 endfacet

 facet normal 0 0 1
  outer loop
  vertex -694.032 -367.715 -28.7954
  vertex -653.681 -362.494 -28.7954
  vertex -662.065 -320.346 -28.7954
  endloop
 endfacet

 facet normal 0 0 1
  outer loop
  vertex -694.032 -367.715 -28.7954
  vertex -662.065 -320.346 -28.7954
  vertex -694.032 -320.346 -28.7954
  endloop
 endfacet

 facet normal 0 0 1
  outer loop
  vertex -345.596 -526.677 -28.7954
  vertex -309.864 -502.802 -28.7954
  vertex -315.085 -462.451 -28.7954
  endloop
 endfacet

 facet normal 0 0 1
  outer loop
  vertex -345.596 -526.677 -28.7954
  vertex -315.085 -462.451 -28.7954
  vertex -362.453 -462.451 -28.7954
  endloop
 endfacet

 facet normal 0 0 1
  outer loop
  vertex -694.032 -272.978 -28.7954
  vertex -653.681 -278.198 -28.7954
  vertex -629.806 -242.467 -28.7954
  endloop
 endfacet

 facet normal 0 0 1
  outer loop
  vertex -694.032 -272.978 -28.7954
  vertex -629.806 -242.467 -28.7954
  vertex -694.032 -225.609 -28.7954
  endloop
 endfacet

 facet normal 0 0 1
  outer loop
  vertex -694.032 -225.609 -28.7954
  vertex -629.806 -242.467 -28.7954
  vertex -646.664 -178.241 -28.7954
  endloop
 endfacet

 facet normal 0 0 1
  outer loop
  vertex -694.032 -225.609 -28.7954
  vertex -646.664 -178.241 -28.7954
  vertex -694.032 -178.241 -28.7954
  endloop
 endfacet

 facet normal 0 0 1
  outer loop
  vertex -694.032 -178.241 -28.7954
  vertex -646.664 -178.241 -28.7954
  vertex -629.806 -114.015 -28.7954
  endloop
 endfacet

 facet normal 0 0 1
  outer loop
  vertex -694.032 -178.241 -28.7954
  vertex -629.806 -114.015 -28.7954
  vertex -694.032 -130.872 -28.7954
  endloop
 endfacet

 facet normal 0 0 1
  outer loop
  vertex -694.032 -130.872 -28.7954
  vertex -629.806 -114.015 -28.7954
  vertex -653.681 -78.2837 -28.7954
  endloop
 endfacet

 facet normal 0 0 1
  outer loop
  vertex -694.032 -130.872 -28.7954
  vertex -653.681 -78.2837 -28.7954
  vertex -694.032 -83.504 -28.7954
  endloop
 endfacet

 facet normal 0 0 1
  outer loop
  vertex -694.032 -83.504 -28.7954
  vertex -653.681 -78.2837 -28.7954
  vertex -662.065 -36.1357 -28.7954
  endloop
 endfacet

 facet normal 0 0 1
  outer loop
  vertex -694.032 -83.504 -28.7954
  vertex -662.065 -36.1357 -28.7954
  vertex -694.032 -36.1356 -28.7954
  endloop
 endfacet

 facet normal 0 0 1
  outer loop
  vertex -362.453 -462.451 -28.7954
  vertex -315.085 -462.451 -28.7954
  vertex -309.864 -422.101 -28.7954
  endloop
 endfacet

 facet normal 0 0 1
  outer loop
  vertex -362.453 -462.451 -28.7954
  vertex -309.864 -422.101 -28.7954
  vertex -345.596 -398.226 -28.7954
  endloop
 endfacet

 facet normal 0 0 1
  outer loop
  vertex -694.032 11.2328 -28.7954
  vertex -653.681 6.01245 -28.7954
  vertex -629.806 41.7439 -28.7954
  endloop
 endfacet

 facet normal 0 0 1
  outer loop
  vertex -694.032 11.2328 -28.7954
  vertex -629.806 41.7439 -28.7954
  vertex -694.032 58.6012 -28.7954
  endloop
 endfacet

 facet normal 0 0 1
  outer loop
  vertex -646.664 -794.03 -28.7954
  vertex -599.295 -794.03 -28.7954
  vertex -599.295 -746.662 -28.7954
  endloop
 endfacet

 facet normal 0 0 1
  outer loop
  vertex -646.664 -794.03 -28.7954
  vertex -599.295 -746.662 -28.7954
  vertex -646.664 -746.662 -28.7954
  endloop
 endfacet

 facet normal 0 0 1
  outer loop
  vertex -646.664 -746.662 -28.7954
  vertex -599.295 -746.662 -28.7954
  vertex -594.075 -706.311 -28.7954
  endloop
 endfacet

 facet normal 0 0 1
  outer loop
  vertex -646.664 -746.662 -28.7954
  vertex -594.075 -706.311 -28.7954
  vertex -629.806 -682.436 -28.7954
  endloop
 endfacet

 facet normal 0 0 1
  outer loop
  vertex -629.806 -526.677 -28.7954
  vertex -594.075 -502.802 -28.7954
  vertex -599.295 -462.451 -28.7954
  endloop
 endfacet

 facet normal 0 0 1
  outer loop
  vertex -629.806 -526.677 -28.7954
  vertex -599.295 -462.451 -28.7954
  vertex -646.664 -462.451 -28.7954
  endloop
 endfacet

 facet normal 0 0 1
  outer loop
  vertex -646.664 -462.451 -28.7954
  vertex -599.295 -462.451 -28.7954
  vertex -594.075 -422.101 -28.7954
  endloop
 endfacet

 facet normal 0 0 1
  outer loop
  vertex -646.664 -462.451 -28.7954
  vertex -594.075 -422.101 -28.7954
  vertex -629.806 -398.226 -28.7954
  endloop
 endfacet

 facet normal 0 0 1
  outer loop
  vertex -345.596 -242.467 -28.7954
  vertex -309.864 -218.592 -28.7954
  vertex -315.085 -178.241 -28.7954
  endloop
 endfacet

 facet normal 0 0 1
  outer loop
  vertex -345.596 -242.467 -28.7954
  vertex -315.085 -178.241 -28.7954
  vertex -362.453 -178.241 -28.7954
  endloop
 endfacet

 facet normal 0 0 1
  outer loop
  vertex -457.19 -462.451 -28.7954
  vertex -409.821 -462.451 -28.7954
  vertex -409.821 -415.083 -28.7954
  endloop
 endfacet

 facet normal 0 0 1
  outer loop
  vertex -457.19 -462.451 -28.7954
  vertex -409.821 -415.083 -28.7954
  vertex -474.047 -398.226 -28.7954
  endloop
 endfacet

 facet normal 0 0 1
  outer loop
  vertex -474.047 -398.226 -28.7954
  vertex -409.821 -415.083 -28.7954
  vertex -409.821 -367.715 -28.7954
  endloop
 endfacet

 facet normal 0 0 1
  outer loop
  vertex -474.047 -398.226 -28.7954
  vertex -409.821 -367.715 -28.7954
  vertex -450.172 -362.494 -28.7954
  endloop
 endfacet

 facet normal 0 0 1
  outer loop
  vertex -450.172 -362.494 -28.7954
  vertex -409.821 -367.715 -28.7954
  vertex -409.821 -320.346 -28.7954
  endloop
 endfacet

 facet normal 0 0 1
  outer loop
  vertex -450.172 -362.494 -28.7954
  vertex -409.821 -320.346 -28.7954
  vertex -441.788 -320.346 -28.7954
  endloop
 endfacet

 facet normal 0 0 1
  outer loop
  vertex -441.788 -320.346 -28.7954
  vertex -409.821 -320.346 -28.7954
  vertex -409.821 -272.978 -28.7954
  endloop
 endfacet

 facet normal 0 0 1
  outer loop
  vertex -441.788 -320.346 -28.7954
  vertex -409.821 -272.978 -28.7954
  vertex -450.172 -278.198 -28.7954
  endloop
 endfacet

 facet normal 0 0 1
  outer loop
  vertex -450.172 -278.198 -28.7954
  vertex -409.821 -272.978 -28.7954
  vertex -409.821 -225.609 -28.7954
  endloop
 endfacet

 facet normal 0 0 1
  outer loop
  vertex -450.172 -278.198 -28.7954
  vertex -409.821 -225.609 -28.7954
  vertex -474.047 -242.467 -28.7954
  endloop
 endfacet

 facet normal 0 0 1
  outer loop
  vertex -362.453 -178.241 -28.7954
  vertex -315.085 -178.241 -28.7954
  vertex -309.864 -137.89 -28.7954
  endloop
 endfacet

 facet normal 0 0 1
  outer loop
  vertex -362.453 -178.241 -28.7954
  vertex -309.864 -137.89 -28.7954
  vertex -345.596 -114.015 -28.7954
  endloop
 endfacet

 facet normal 0 0 1
  outer loop
  vertex -450.172 -78.2837 -28.7954
  vertex -409.821 -83.504 -28.7954
  vertex -409.821 -36.1356 -28.7954
  endloop
 endfacet

 facet normal 0 0 1
  outer loop
  vertex -450.172 -78.2837 -28.7954
  vertex -409.821 -36.1356 -28.7954
  vertex -441.788 -36.1356 -28.7954
  endloop
 endfacet

 facet normal 0 0 1
  outer loop
  vertex -441.788 -36.1356 -28.7954
  vertex -409.821 -36.1356 -28.7954
  vertex -409.821 11.2328 -28.7954
  endloop
 endfacet

 facet normal 0 0 1
  outer loop
  vertex -441.788 -36.1356 -28.7954
  vertex -409.821 11.2328 -28.7954
  vertex -450.172 6.01248 -28.7954
  endloop
 endfacet

 facet normal 0 0 1
  outer loop
  vertex -450.172 6.01248 -28.7954
  vertex -409.821 11.2328 -28.7954
  vertex -409.821 58.6012 -28.7954
  endloop
 endfacet

 facet normal 0 0 1
  outer loop
  vertex -450.172 6.01248 -28.7954
  vertex -409.821 58.6012 -28.7954
  vertex -474.047 41.7439 -28.7954
  endloop
 endfacet

 facet normal 0 0 1
  outer loop
  vertex -409.821 -699.294 -28.7954
  vertex -345.596 -682.436 -28.7954
  vertex -369.471 -646.705 -28.7954
  endloop
 endfacet

 facet normal 0 0 1
  outer loop
  vertex -409.821 -699.294 -28.7954
  vertex -369.471 -646.705 -28.7954
  vertex -409.821 -651.925 -28.7954
  endloop
 endfacet

 facet normal 0 0 1
  outer loop
  vertex -409.821 -651.925 -28.7954
  vertex -369.471 -646.705 -28.7954
  vertex -377.854 -604.557 -28.7954
  endloop
 endfacet

 facet normal 0 0 1
  outer loop
  vertex -409.821 -651.925 -28.7954
  vertex -377.854 -604.557 -28.7954
  vertex -409.821 -604.557 -28.7954
  endloop
 endfacet

 facet normal 0 0 1
  outer loop
  vertex -315.085 -794.03 -28.7954
  vertex -267.716 -794.03 -28.7954
  vertex -267.716 -746.662 -28.7954
  endloop
 endfacet

 facet normal 0 0 1
  outer loop
  vertex -315.085 -794.03 -28.7954
  vertex -267.716 -746.662 -28.7954
  vertex -315.085 -746.662 -28.7954
  endloop
 endfacet

 facet normal 0 0 1
  outer loop
  vertex -409.821 -557.188 -28.7954
  vertex -369.471 -562.409 -28.7954
  vertex -345.596 -526.677 -28.7954
  endloop
 endfacet

 facet normal 0 0 1
  outer loop
  vertex -409.821 -557.188 -28.7954
  vertex -345.596 -526.677 -28.7954
  vertex -409.821 -509.82 -28.7954
  endloop
 endfacet

 facet normal 0 0 1
  outer loop
  vertex -220.348 -746.662 -28.7954
  vertex -172.979 -746.662 -28.7954
  vertex -189.837 -682.436 -28.7954
  endloop
 endfacet

 facet normal 0 0 1
  outer loop
  vertex -220.348 -746.662 -28.7954
  vertex -189.837 -682.436 -28.7954
  vertex -225.568 -706.311 -28.7954
  endloop
 endfacet

 facet normal 0 0 1
  outer loop
  vertex -220.348 -462.451 -28.7954
  vertex -172.979 -462.451 -28.7954
  vertex -189.837 -398.226 -28.7954
  endloop
 endfacet

 facet normal 0 0 1
  outer loop
  vertex -220.348 -462.451 -28.7954
  vertex -189.837 -398.226 -28.7954
  vertex -225.568 -422.101 -28.7954
  endloop
 endfacet

 facet normal 0 0 1
  outer loop
  vertex -220.348 -178.241 -28.7954
  vertex -172.979 -178.241 -28.7954
  vertex -189.837 -114.015 -28.7954
  endloop
 endfacet

 facet normal 0 0 1
  outer loop
  vertex -220.348 -178.241 -28.7954
  vertex -189.837 -114.015 -28.7954
  vertex -225.568 -137.89 -28.7954
  endloop
 endfacet

 facet normal 0 0 1
  outer loop
  vertex -172.979 -746.662 -28.7954
  vertex -125.611 -746.662 -28.7954
  vertex -125.611 -699.294 -28.7954
  endloop
 endfacet

 facet normal 0 0 1
  outer loop
  vertex -172.979 -746.662 -28.7954
  vertex -125.611 -699.294 -28.7954
  vertex -189.837 -682.436 -28.7954
  endloop
 endfacet

 facet normal 0 0 1
  outer loop
  vertex -157.578 -36.1356 -28.7954
  vertex -125.611 -36.1356 -28.7954
  vertex -125.611 11.2328 -28.7954
  endloop
 endfacet

 facet normal 0 0 1
  outer loop
  vertex -157.578 -36.1356 -28.7954
  vertex -125.611 11.2328 -28.7954
  vertex -165.962 6.01245 -28.7954
  endloop
 endfacet

 facet normal 0 0 1
  outer loop
  vertex -125.611 -130.872 -28.7954
  vertex -61.3851 -114.015 -28.7954
  vertex -85.2601 -78.2837 -28.7954
  endloop
 endfacet

 facet normal 0 0 1
  outer loop
  vertex -125.611 -130.872 -28.7954
  vertex -85.2601 -78.2837 -28.7954
  vertex -125.611 -83.504 -28.7954
  endloop
 endfacet

 facet normal 0 0 1
  outer loop
  vertex -78.2425 -462.451 -28.7954
  vertex -30.8741 -462.451 -28.7954
  vertex -25.6537 -422.101 -28.7954
  endloop
 endfacet

 facet normal 0 0 1
  outer loop
  vertex -78.2425 -462.451 -28.7954
  vertex -25.6537 -422.101 -28.7954
  vertex -61.3851 -398.226 -28.7954
  endloop
 endfacet

 facet normal 0 0 1
  outer loop
  vertex -78.2425 -178.241 -28.7954
  vertex -30.8741 -178.241 -28.7954
  vertex -25.6537 -137.89 -28.7954
  endloop
 endfacet

 facet normal 0 0 1
  outer loop
  vertex -78.2425 -178.241 -28.7954
  vertex -25.6537 -137.89 -28.7954
  vertex -61.3851 -114.015 -28.7954
  endloop
 endfacet

 facet normal 0 0 1
  outer loop
  vertex -30.8741 -746.662 -28.7954
  vertex 16.4944 -746.662 -28.7954
  vertex 16.4943 -714.695 -28.7954
  endloop
 endfacet

 facet normal 0 0 1
  outer loop
  vertex -30.8741 -746.662 -28.7954
  vertex 16.4943 -714.695 -28.7954
  vertex -25.6538 -706.311 -28.7954
  endloop
 endfacet

 facet normal 0 0 1
  outer loop
  vertex 16.4944 -794.03 -28.7954
  vertex 63.8628 -794.03 -28.7954
  vertex 63.8628 -746.662 -28.7954
  endloop
 endfacet

 facet normal 0 0 1
  outer loop
  vertex 16.4944 -794.03 -28.7954
  vertex 63.8628 -746.662 -28.7954
  vertex 16.4944 -746.662 -28.7954
  endloop
 endfacet

 facet normal 0 0 1
  outer loop
  vertex 16.4944 -494.418 -28.7954
  vertex 58.6424 -502.802 -28.7954
  vertex 63.8628 -462.451 -28.7954
  endloop
 endfacet

 facet normal 0 0 1
  outer loop
  vertex 16.4944 -494.418 -28.7954
  vertex 63.8628 -462.451 -28.7954
  vertex 16.4944 -462.451 -28.7954
  endloop
 endfacet

 facet normal 0 0 1
  outer loop
  vertex 16.4943 -210.208 -28.7954
  vertex 58.6424 -218.592 -28.7954
  vertex 63.8628 -178.241 -28.7954
  endloop
 endfacet

 facet normal 0 0 1
  outer loop
  vertex 16.4943 -210.208 -28.7954
  vertex 63.8628 -178.241 -28.7954
  vertex 16.4944 -178.241 -28.7954
  endloop
 endfacet

 facet normal 0 0 1
  outer loop
  vertex 111.231 -462.451 -28.7954
  vertex 158.6 -462.451 -28.7954
  vertex 158.6 -415.083 -28.7954
  endloop
 endfacet

 facet normal 0 0 1
  outer loop
  vertex 111.231 -462.451 -28.7954
  vertex 158.6 -415.083 -28.7954
  vertex 94.3739 -398.226 -28.7954
  endloop
 endfacet

 facet normal 0 0 1
  outer loop
  vertex -694.032 105.94 -28.7954
  vertex -646.664 105.94 -28.7954
  vertex -646.664 153.308 -28.7954
  endloop
 endfacet

 facet normal 0 0 1
  outer loop
  vertex -694.032 105.94 -28.7954
  vertex -646.664 153.308 -28.7954
  vertex -694.032 153.308 -28.7954
  endloop
 endfacet

 facet normal 0 0 1
  outer loop
  vertex -599.295 105.94 -28.7954
  vertex -551.927 105.94 -28.7954
  vertex -551.927 153.308 -28.7954
  endloop
 endfacet

 facet normal 0 0 1
  outer loop
  vertex -599.295 105.94 -28.7954
  vertex -551.927 153.308 -28.7954
  vertex -599.295 153.308 -28.7954
  endloop
 endfacet

 facet normal 0 0 1
  outer loop
  vertex -504.558 105.94 -28.7954
  vertex -457.19 105.94 -28.7954
  vertex -457.19 153.308 -28.7954
  endloop
 endfacet

 facet normal 0 0 1
  outer loop
  vertex -504.558 105.94 -28.7954
  vertex -457.19 153.308 -28.7954
  vertex -504.558 153.308 -28.7954
  endloop
 endfacet

 facet normal 0 0 1
  outer loop
  vertex -315.085 -746.662 -28.7954
  vertex -267.716 -746.662 -28.7954
  vertex -267.716 -714.695 -28.7954
  endloop
 endfacet

 facet normal 0 0 1
  outer loop
  vertex -315.085 -746.662 -28.7954
  vertex -267.716 -714.695 -28.7954
  vertex -309.864 -706.311 -28.7954
  endloop
 endfacet

 facet normal 0 0 1
  outer loop
  vertex -409.821 -509.82 -28.7954
  vertex -345.596 -526.677 -28.7954
  vertex -362.453 -462.451 -28.7954
  endloop
 endfacet

 facet normal 0 0 1
  outer loop
  vertex -409.821 -509.82 -28.7954
  vertex -362.453 -462.451 -28.7954
  vertex -409.821 -462.451 -28.7954
  endloop
 endfacet

 facet normal 0 0 1
  outer loop
  vertex -225.568 -502.802 -28.7954
  vertex -189.837 -526.677 -28.7954
  vertex -172.979 -462.451 -28.7954
  endloop
 endfacet

 facet normal 0 0 1
  outer loop
  vertex -225.568 -502.802 -28.7954
  vertex -172.979 -462.451 -28.7954
  vertex -220.348 -462.451 -28.7954
  endloop
 endfacet

 facet normal 0 0 1
  outer loop
  vertex -225.568 -218.592 -28.7954
  vertex -189.837 -242.467 -28.7954
  vertex -172.979 -178.241 -28.7954
  endloop
 endfacet

 facet normal 0 0 1
  outer loop
  vertex -225.568 -218.592 -28.7954
  vertex -172.979 -178.241 -28.7954
  vertex -220.348 -178.241 -28.7954
  endloop
 endfacet

 facet normal 0 0 1
  outer loop
  vertex -172.979 -794.03 -28.7954
  vertex -125.611 -794.03 -28.7954
  vertex -125.611 -746.662 -28.7954
  endloop
 endfacet

 facet normal 0 0 1
  outer loop
  vertex -172.979 -794.03 -28.7954
  vertex -125.611 -746.662 -28.7954
  vertex -172.979 -746.662 -28.7954
  endloop
 endfacet

 facet normal 0 0 1
  outer loop
  vertex -189.837 -682.436 -28.7954
  vertex -125.611 -699.294 -28.7954
  vertex -125.611 -651.925 -28.7954
  endloop
 endfacet

 facet normal 0 0 1
  outer loop
  vertex -189.837 -682.436 -28.7954
  vertex -125.611 -651.925 -28.7954
  vertex -165.962 -646.705 -28.7954
  endloop
 endfacet

 facet normal 0 0 1
  outer loop
  vertex -165.962 6.01245 -28.7954
  vertex -125.611 11.2328 -28.7954
  vertex -125.611 58.6012 -28.7954
  endloop
 endfacet

 facet normal 0 0 1
  outer loop
  vertex -165.962 6.01245 -28.7954
  vertex -125.611 58.6012 -28.7954
  vertex -189.837 41.7439 -28.7954
  endloop
 endfacet

 facet normal 0 0 1
  outer loop
  vertex -125.611 -83.504 -28.7954
  vertex -85.2601 -78.2837 -28.7954
  vertex -93.6439 -36.1356 -28.7954
  endloop
 endfacet

 facet normal 0 0 1
  outer loop
  vertex -125.611 -83.504 -28.7954
  vertex -93.6439 -36.1356 -28.7954
  vertex -125.611 -36.1356 -28.7954
  endloop
 endfacet

 facet normal 0 0 1
  outer loop
  vertex -61.3852 -242.467 -28.7954
  vertex -25.6538 -218.592 -28.7954
  vertex -30.8741 -178.241 -28.7954
  endloop
 endfacet

 facet normal 0 0 1
  outer loop
  vertex -61.3852 -242.467 -28.7954
  vertex -30.8741 -178.241 -28.7954
  vertex -78.2425 -178.241 -28.7954
  endloop
 endfacet

 facet normal 0 0 1
  outer loop
  vertex -30.8741 -794.03 -28.7954
  vertex 16.4944 -794.03 -28.7954
  vertex 16.4944 -746.662 -28.7954
  endloop
 endfacet

 facet normal 0 0 1
  outer loop
  vertex -30.8741 -794.03 -28.7954
  vertex 16.4944 -746.662 -28.7954
  vertex -30.8741 -746.662 -28.7954
  endloop
 endfacet

 facet normal 0 0 1
  outer loop
  vertex -25.6537 -502.802 -28.7954
  vertex 16.4944 -494.418 -28.7954
  vertex 16.4944 -462.451 -28.7954
  endloop
 endfacet

 facet normal 0 0 1
  outer loop
  vertex -25.6537 -502.802 -28.7954
  vertex 16.4944 -462.451 -28.7954
  vertex -30.8741 -462.451 -28.7954
  endloop
 endfacet

 facet normal 0 0 1
  outer loop
  vertex 16.4944 -746.662 -28.7954
  vertex 63.8628 -746.662 -28.7954
  vertex 58.6424 -706.311 -28.7954
  endloop
 endfacet

 facet normal 0 0 1
  outer loop
  vertex 16.4944 -746.662 -28.7954
  vertex 58.6424 -706.311 -28.7954
  vertex 16.4943 -714.695 -28.7954
  endloop
 endfacet

 facet normal 0 0 1
  outer loop
  vertex 16.4944 -462.451 -28.7954
  vertex 63.8628 -462.451 -28.7954
  vertex 58.6424 -422.101 -28.7954
  endloop
 endfacet

 facet normal 0 0 1
  outer loop
  vertex 16.4944 -462.451 -28.7954
  vertex 58.6424 -422.101 -28.7954
  vertex 16.4944 -430.484 -28.7954
  endloop
 endfacet

 facet normal 0 0 1
  outer loop
  vertex 16.4944 -178.241 -28.7954
  vertex 63.8628 -178.241 -28.7954
  vertex 58.6424 -137.89 -28.7954
  endloop
 endfacet

 facet normal 0 0 1
  outer loop
  vertex 16.4944 -178.241 -28.7954
  vertex 58.6424 -137.89 -28.7954
  vertex 16.4944 -146.274 -28.7954
  endloop
 endfacet

 facet normal 0 0 1
  outer loop
  vertex 94.3739 -398.226 -28.7954
  vertex 158.6 -415.083 -28.7954
  vertex 158.6 -367.715 -28.7954
  endloop
 endfacet

 facet normal 0 0 1
  outer loop
  vertex 94.3739 -398.226 -28.7954
  vertex 158.6 -367.715 -28.7954
  vertex 118.249 -362.494 -28.7954
  endloop
 endfacet

 facet normal 0 0 1
  outer loop
  vertex -646.664 105.94 -28.7954
  vertex -599.295 105.94 -28.7954
  vertex -599.295 153.308 -28.7954
  endloop
 endfacet

 facet normal 0 0 1
  outer loop
  vertex -646.664 105.94 -28.7954
  vertex -599.295 153.308 -28.7954
  vertex -646.664 153.308 -28.7954
  endloop
 endfacet

 facet normal 0 0 1
  outer loop
  vertex -551.927 105.94 -28.7954
  vertex -504.558 105.94 -28.7954
  vertex -504.558 153.308 -28.7954
  endloop
 endfacet

 facet normal 0 0 1
  outer loop
  vertex -551.927 105.94 -28.7954
  vertex -504.558 153.308 -28.7954
  vertex -551.927 153.308 -28.7954
  endloop
 endfacet

 facet normal 0 0 1
  outer loop
  vertex -457.19 105.94 -28.7954
  vertex -409.821 105.94 -28.7954
  vertex -409.821 153.308 -28.7954
  endloop
 endfacet

 facet normal 0 0 1
  outer loop
  vertex -457.19 105.94 -28.7954
  vertex -409.821 153.308 -28.7954
  vertex -457.19 153.308 -28.7954
  endloop
 endfacet

 facet normal 0 0 1
  outer loop
  vertex -267.716 -794.03 -28.7954
  vertex -220.348 -794.03 -28.7954
  vertex -220.348 -746.662 -28.7954
  endloop
 endfacet

 facet normal 0 0 1
  outer loop
  vertex -267.716 -794.03 -28.7954
  vertex -220.348 -746.662 -28.7954
  vertex -267.716 -746.662 -28.7954
  endloop
 endfacet

 facet normal 0 0 1
  outer loop
  vertex -694.032 58.6012 -28.7954
  vertex -629.806 41.7439 -28.7954
  vertex -646.664 105.023 -28.7954
  endloop
 endfacet

 facet normal 0 0 1
  outer loop
  vertex -694.032 58.6012 -28.7954
  vertex -646.664 105.023 -28.7954
  vertex -694.032 105.023 -28.7954
  endloop
 endfacet

 facet normal 0 0 1
  outer loop
  vertex -629.806 41.7439 -28.7954
  vertex -594.075 65.6188 -28.7954
  vertex -599.295 105.023 -28.7954
  endloop
 endfacet

 facet normal 0 0 1
  outer loop
  vertex -629.806 41.7439 -28.7954
  vertex -599.295 105.023 -28.7954
  vertex -646.664 105.023 -28.7954
  endloop
 endfacet

 facet normal 0 0 1
  outer loop
  vertex -594.075 65.6188 -28.7954
  vertex -551.927 74.0026 -28.7954
  vertex -551.927 105.023 -28.7954
  endloop
 endfacet

 facet normal 0 0 1
  outer loop
  vertex -594.075 65.6188 -28.7954
  vertex -551.927 105.023 -28.7954
  vertex -599.295 105.023 -28.7954
  endloop
 endfacet

 facet normal 0 0 1
  outer loop
  vertex -551.927 74.0026 -28.7954
  vertex -509.779 65.6189 -28.7954
  vertex -504.558 105.023 -28.7954
  endloop
 endfacet

 facet normal 0 0 1
  outer loop
  vertex -551.927 74.0026 -28.7954
  vertex -504.558 105.023 -28.7954
  vertex -551.927 105.023 -28.7954
  endloop
 endfacet

 facet normal 0 0 1
  outer loop
  vertex -509.779 65.6189 -28.7954
  vertex -474.047 41.7439 -28.7954
  vertex -457.19 105.023 -28.7954
  endloop
 endfacet

 facet normal 0 0 1
  outer loop
  vertex -509.779 65.6189 -28.7954
  vertex -457.19 105.023 -28.7954
  vertex -504.558 105.023 -28.7954
  endloop
 endfacet

 facet normal 0 0 1
  outer loop
  vertex -189.837 -526.677 -28.7954
  vertex -125.611 -509.82 -28.7954
  vertex -125.611 -462.451 -28.7954
  endloop
 endfacet

 facet normal 0 0 1
  outer loop
  vertex -189.837 -526.677 -28.7954
  vertex -125.611 -462.451 -28.7954
  vertex -172.979 -462.451 -28.7954
  endloop
 endfacet

 facet normal 0 0 1
  outer loop
  vertex -474.047 41.7439 -28.7954
  vertex -409.821 58.6012 -28.7954
  vertex -409.821 105.023 -28.7954
  endloop
 endfacet

 facet normal 0 0 1
  outer loop
  vertex -474.047 41.7439 -28.7954
  vertex -409.821 105.023 -28.7954
  vertex -457.19 105.023 -28.7954
  endloop
 endfacet

 facet normal 0 0 1
  outer loop
  vertex -409.821 58.6012 -28.7954
  vertex -345.596 41.7439 -28.7954
  vertex -362.453 105.023 -28.7954
  endloop
 endfacet

 facet normal 0 0 1
  outer loop
  vertex -409.821 58.6012 -28.7954
  vertex -362.453 105.023 -28.7954
  vertex -409.821 105.023 -28.7954
  endloop
 endfacet

 facet normal 0 0 1
  outer loop
  vertex -345.596 41.7439 -28.7954
  vertex -309.864 65.6189 -28.7954
  vertex -315.085 105.023 -28.7954
  endloop
 endfacet

 facet normal 0 0 1
  outer loop
  vertex -345.596 41.7439 -28.7954
  vertex -315.085 105.023 -28.7954
  vertex -362.453 105.023 -28.7954
  endloop
 endfacet

 facet normal 0 0 1
  outer loop
  vertex -309.864 65.6189 -28.7954
  vertex -267.716 74.0027 -28.7954
  vertex -267.716 105.023 -28.7954
  endloop
 endfacet

 facet normal 0 0 1
  outer loop
  vertex -309.864 65.6189 -28.7954
  vertex -267.716 105.023 -28.7954
  vertex -315.085 105.023 -28.7954
  endloop
 endfacet

 facet normal 0 0 1
  outer loop
  vertex -267.716 74.0027 -28.7954
  vertex -225.568 65.6189 -28.7954
  vertex -220.348 105.023 -28.7954
  endloop
 endfacet

 facet normal 0 0 1
  outer loop
  vertex -267.716 74.0027 -28.7954
  vertex -220.348 105.023 -28.7954
  vertex -267.716 105.023 -28.7954
  endloop
 endfacet

 facet normal 0 0 1
  outer loop
  vertex -189.837 -398.226 -28.7954
  vertex -125.611 -415.083 -28.7954
  vertex -125.611 -367.715 -28.7954
  endloop
 endfacet

 facet normal 0 0 1
  outer loop
  vertex -189.837 -398.226 -28.7954
  vertex -125.611 -367.715 -28.7954
  vertex -165.962 -362.494 -28.7954
  endloop
 endfacet

 facet normal 0 0 1
  outer loop
  vertex -225.568 65.6189 -28.7954
  vertex -189.837 41.7439 -28.7954
  vertex -172.979 105.023 -28.7954
  endloop
 endfacet

 facet normal 0 0 1
  outer loop
  vertex -225.568 65.6189 -28.7954
  vertex -172.979 105.023 -28.7954
  vertex -220.348 105.023 -28.7954
  endloop
 endfacet

 facet normal 0 0 1
  outer loop
  vertex -189.837 41.7439 -28.7954
  vertex -125.611 58.6012 -28.7954
  vertex -125.611 105.023 -28.7954
  endloop
 endfacet

 facet normal 0 0 1
  outer loop
  vertex -189.837 41.7439 -28.7954
  vertex -125.611 105.023 -28.7954
  vertex -172.979 105.023 -28.7954
  endloop
 endfacet

 facet normal 0 0 1
  outer loop
  vertex -125.611 58.6012 -28.7954
  vertex -61.3852 41.7439 -28.7954
  vertex -78.2425 105.023 -28.7954
  endloop
 endfacet

 facet normal 0 0 1
  outer loop
  vertex -125.611 58.6012 -28.7954
  vertex -78.2425 105.023 -28.7954
  vertex -125.611 105.023 -28.7954
  endloop
 endfacet

 facet normal 0 0 1
  outer loop
  vertex -61.3852 41.7439 -28.7954
  vertex -25.6538 65.6189 -28.7954
  vertex -30.8741 105.023 -28.7954
  endloop
 endfacet

 facet normal 0 0 1
  outer loop
  vertex -61.3852 41.7439 -28.7954
  vertex -30.8741 105.023 -28.7954
  vertex -78.2425 105.023 -28.7954
  endloop
 endfacet

 facet normal 0 0 1
  outer loop
  vertex -25.6538 65.6189 -28.7954
  vertex 16.4944 74.0027 -28.7954
  vertex 16.4944 105.023 -28.7954
  endloop
 endfacet

 facet normal 0 0 1
  outer loop
  vertex -25.6538 65.6189 -28.7954
  vertex 16.4944 105.023 -28.7954
  vertex -30.8741 105.023 -28.7954
  endloop
 endfacet

 facet normal 0 0 1
  outer loop
  vertex -165.962 -362.494 -28.7954
  vertex -125.611 -367.715 -28.7954
  vertex -125.611 -320.346 -28.7954
  endloop
 endfacet

 facet normal 0 0 1
  outer loop
  vertex -165.962 -362.494 -28.7954
  vertex -125.611 -320.346 -28.7954
  vertex -157.578 -320.346 -28.7954
  endloop
 endfacet

 facet normal 0 0 1
  outer loop
  vertex 16.4944 74.0027 -28.7954
  vertex 58.6424 65.6189 -28.7954
  vertex 63.8628 105.023 -28.7954
  endloop
 endfacet

 facet normal 0 0 1
  outer loop
  vertex 16.4944 74.0027 -28.7954
  vertex 63.8628 105.023 -28.7954
  vertex 16.4944 105.023 -28.7954
  endloop
 endfacet

 facet normal 0 0 1
  outer loop
  vertex 58.6424 65.6189 -28.7954
  vertex 94.3738 41.7439 -28.7954
  vertex 111.231 105.023 -28.7954
  endloop
 endfacet

 facet normal 0 0 1
  outer loop
  vertex 58.6424 65.6189 -28.7954
  vertex 111.231 105.023 -28.7954
  vertex 63.8628 105.023 -28.7954
  endloop
 endfacet

 facet normal 0 0 1
  outer loop
  vertex -741.4 -794.03 -28.7954
  vertex -694.032 -794.03 -28.7954
  vertex -694.032 -746.662 -28.7954
  endloop
 endfacet

 facet normal 0 0 1
  outer loop
  vertex -741.4 -794.03 -28.7954
  vertex -694.032 -746.662 -28.7954
  vertex -741.4 -746.662 -28.7954
  endloop
 endfacet

 facet normal 0 0 1
  outer loop
  vertex -741.4 -746.662 -28.7954
  vertex -694.032 -746.662 -28.7954
  vertex -694.032 -699.294 -28.7954
  endloop
 endfacet

 facet normal 0 0 1
  outer loop
  vertex -741.4 -746.662 -28.7954
  vertex -694.032 -699.294 -28.7954
  vertex -741.4 -699.294 -28.7954
  endloop
 endfacet

 facet normal 0 0 1
  outer loop
  vertex -741.4 -699.294 -28.7954
  vertex -694.032 -699.294 -28.7954
  vertex -694.032 -651.925 -28.7954
  endloop
 endfacet

 facet normal 0 0 1
  outer loop
  vertex -741.4 -699.294 -28.7954
  vertex -694.032 -651.925 -28.7954
  vertex -741.4 -651.925 -28.7954
  endloop
 endfacet

 facet normal 0 0 1
  outer loop
  vertex -157.578 -320.346 -28.7954
  vertex -125.611 -320.346 -28.7954
  vertex -125.611 -272.978 -28.7954
  endloop
 endfacet

 facet normal 0 0 1
  outer loop
  vertex -157.578 -320.346 -28.7954
  vertex -125.611 -272.978 -28.7954
  vertex -165.962 -278.198 -28.7954
  endloop
 endfacet

 facet normal 0 0 1
  outer loop
  vertex -189.837 -242.467 -28.7954
  vertex -125.611 -225.609 -28.7954
  vertex -125.611 -178.241 -28.7954
  endloop
 endfacet

 facet normal 0 0 1
  outer loop
  vertex -189.837 -242.467 -28.7954
  vertex -125.611 -178.241 -28.7954
  vertex -172.979 -178.241 -28.7954
  endloop
 endfacet

 facet normal 0 0 1
  outer loop
  vertex -172.979 -178.241 -28.7954
  vertex -125.611 -178.241 -28.7954
  vertex -125.611 -130.872 -28.7954
  endloop
 endfacet

 facet normal 0 0 1
  outer loop
  vertex -172.979 -178.241 -28.7954
  vertex -125.611 -130.872 -28.7954
  vertex -189.837 -114.015 -28.7954
  endloop
 endfacet

 facet normal 0 0 1
  outer loop
  vertex -125.611 -746.662 -28.7954
  vertex -78.2425 -746.662 -28.7954
  vertex -61.3852 -682.436 -28.7954
  endloop
 endfacet

 facet normal 0 0 1
  outer loop
  vertex -125.611 -746.662 -28.7954
  vertex -61.3852 -682.436 -28.7954
  vertex -125.611 -699.294 -28.7954
  endloop
 endfacet

 facet normal 0 0 1
  outer loop
  vertex -125.611 -699.294 -28.7954
  vertex -61.3852 -682.436 -28.7954
  vertex -85.2601 -646.705 -28.7954
  endloop
 endfacet

 facet normal 0 0 1
  outer loop
  vertex -125.611 -699.294 -28.7954
  vertex -85.2601 -646.705 -28.7954
  vertex -125.611 -651.925 -28.7954
  endloop
 endfacet

 facet normal 0 0 1
  outer loop
  vertex -125.611 -651.925 -28.7954
  vertex -85.2601 -646.705 -28.7954
  vertex -93.6439 -604.557 -28.7954
  endloop
 endfacet

 facet normal 0 0 1
  outer loop
  vertex -125.611 -651.925 -28.7954
  vertex -93.6439 -604.557 -28.7954
  vertex -125.611 -604.557 -28.7954
  endloop
 endfacet

 facet normal 0 0 1
  outer loop
  vertex -125.611 -604.557 -28.7954
  vertex -93.6439 -604.557 -28.7954
  vertex -85.2601 -562.409 -28.7954
  endloop
 endfacet

 facet normal 0 0 1
  outer loop
  vertex -125.611 -604.557 -28.7954
  vertex -85.2601 -562.409 -28.7954
  vertex -125.611 -557.188 -28.7954
  endloop
 endfacet

 facet normal 0 0 1
  outer loop
  vertex -125.611 -557.188 -28.7954
  vertex -85.2601 -562.409 -28.7954
  vertex -61.3851 -526.677 -28.7954
  endloop
 endfacet

 facet normal 0 0 1
  outer loop
  vertex -125.611 -557.188 -28.7954
  vertex -61.3851 -526.677 -28.7954
  vertex -125.611 -509.82 -28.7954
  endloop
 endfacet

 facet normal 0 0 1
  outer loop
  vertex -125.611 -462.451 -28.7954
  vertex -78.2425 -462.451 -28.7954
  vertex -61.3851 -398.226 -28.7954
  endloop
 endfacet

 facet normal 0 0 1
  outer loop
  vertex -125.611 -462.451 -28.7954
  vertex -61.3851 -398.226 -28.7954
  vertex -125.611 -415.083 -28.7954
  endloop
 endfacet

 facet normal 0 0 1
  outer loop
  vertex -125.611 -415.083 -28.7954
  vertex -61.3851 -398.226 -28.7954
  vertex -85.2601 -362.494 -28.7954
  endloop
 endfacet

 facet normal 0 0 1
  outer loop
  vertex -125.611 -415.083 -28.7954
  vertex -85.2601 -362.494 -28.7954
  vertex -125.611 -367.715 -28.7954
  endloop
 endfacet

 facet normal 0 0 1
  outer loop
  vertex -125.611 -367.715 -28.7954
  vertex -85.2601 -362.494 -28.7954
  vertex -93.6439 -320.346 -28.7954
  endloop
 endfacet

 facet normal 0 0 1
  outer loop
  vertex -125.611 -367.715 -28.7954
  vertex -93.6439 -320.346 -28.7954
  vertex -125.611 -320.346 -28.7954
  endloop
 endfacet

 facet normal 0 0 1
  outer loop
  vertex -125.611 -36.1356 -28.7954
  vertex -93.6439 -36.1356 -28.7954
  vertex -85.2601 6.01245 -28.7954
  endloop
 endfacet

 facet normal 0 0 1
  outer loop
  vertex -125.611 -36.1356 -28.7954
  vertex -85.2601 6.01245 -28.7954
  vertex -125.611 11.2328 -28.7954
  endloop
 endfacet

 facet normal 0 0 1
  outer loop
  vertex -220.348 105.94 -28.7954
  vertex -172.979 105.94 -28.7954
  vertex -172.979 153.308 -28.7954
  endloop
 endfacet

 facet normal 0 0 1
  outer loop
  vertex -220.348 105.94 -28.7954
  vertex -172.979 153.308 -28.7954
  vertex -220.348 153.308 -28.7954
  endloop
 endfacet

 facet normal 0 0 1
  outer loop
  vertex 158.428 -699.294 -28.7954
  vertex 205.796 -699.294 -28.7954
  vertex 205.796 -651.925 -28.7954
  endloop
 endfacet

 facet normal 0 0 1
  outer loop
  vertex 158.428 -699.294 -28.7954
  vertex 205.796 -651.925 -28.7954
  vertex 158.428 -651.925 -28.7954
  endloop
 endfacet

 facet normal 0 0 1
  outer loop
  vertex 158.428 -651.925 -28.7954
  vertex 205.796 -651.925 -28.7954
  vertex 205.796 -604.557 -28.7954
  endloop
 endfacet

 facet normal 0 0 1
  outer loop
  vertex 158.428 -651.925 -28.7954
  vertex 205.796 -604.557 -28.7954
  vertex 158.428 -604.557 -28.7954
  endloop
 endfacet

 facet normal 0 0 1
  outer loop
  vertex 158.428 -415.083 -28.7954
  vertex 205.796 -415.083 -28.7954
  vertex 205.796 -367.715 -28.7954
  endloop
 endfacet

 facet normal 0 0 1
  outer loop
  vertex 158.428 -415.083 -28.7954
  vertex 205.796 -367.715 -28.7954
  vertex 158.428 -367.715 -28.7954
  endloop
 endfacet

 facet normal 0 0 1
  outer loop
  vertex 158.428 -367.715 -28.7954
  vertex 205.796 -367.715 -28.7954
  vertex 205.796 -320.346 -28.7954
  endloop
 endfacet

 facet normal 0 0 1
  outer loop
  vertex 158.428 -367.715 -28.7954
  vertex 205.796 -320.346 -28.7954
  vertex 158.428 -320.346 -28.7954
  endloop
 endfacet

 facet normal 0 0 1
  outer loop
  vertex 158.428 -320.346 -28.7954
  vertex 205.796 -320.346 -28.7954
  vertex 205.796 -272.978 -28.7954
  endloop
 endfacet

 facet normal 0 0 1
  outer loop
  vertex 158.428 -320.346 -28.7954
  vertex 205.796 -272.978 -28.7954
  vertex 158.428 -272.978 -28.7954
  endloop
 endfacet

 facet normal 0 0 1
  outer loop
  vertex -551.927 -494.418 -28.7954
  vertex -509.779 -502.802 -28.7954
  vertex -504.558 -462.451 -28.7954
  endloop
 endfacet

 facet normal 0 0 1
  outer loop
  vertex -551.927 -494.418 -28.7954
  vertex -504.558 -462.451 -28.7954
  vertex -551.927 -462.451 -28.7954
  endloop
 endfacet

 facet normal 0 0 1
  outer loop
  vertex -551.927 -462.451 -28.7954
  vertex -504.558 -462.451 -28.7954
  vertex -509.779 -422.101 -28.7954
  endloop
 endfacet

 facet normal 0 0 1
  outer loop
  vertex -551.927 -462.451 -28.7954
  vertex -509.779 -422.101 -28.7954
  vertex -551.927 -430.484 -28.7954
  endloop
 endfacet

 facet normal 0 0 1
  outer loop
  vertex -551.927 -210.208 -28.7954
  vertex -509.779 -218.592 -28.7954
  vertex -504.558 -178.241 -28.7954
  endloop
 endfacet

 facet normal 0 0 1
  outer loop
  vertex -551.927 -210.208 -28.7954
  vertex -504.558 -178.241 -28.7954
  vertex -551.927 -178.241 -28.7954
  endloop
 endfacet

 facet normal 0 0 1
  outer loop
  vertex -551.927 -178.241 -28.7954
  vertex -504.558 -178.241 -28.7954
  vertex -509.779 -137.89 -28.7954
  endloop
 endfacet

 facet normal 0 0 1
  outer loop
  vertex -551.927 -178.241 -28.7954
  vertex -509.779 -137.89 -28.7954
  vertex -551.927 -146.274 -28.7954
  endloop
 endfacet

 facet normal 0 0 1
  outer loop
  vertex -504.558 -794.03 -28.7954
  vertex -457.19 -794.03 -28.7954
  vertex -457.19 -746.662 -28.7954
  endloop
 endfacet

 facet normal 0 0 1
  outer loop
  vertex -504.558 -794.03 -28.7954
  vertex -457.19 -746.662 -28.7954
  vertex -504.558 -746.662 -28.7954
  endloop
 endfacet

 facet normal 0 0 1
  outer loop
  vertex -504.558 -746.662 -28.7954
  vertex -457.19 -746.662 -28.7954
  vertex -474.047 -682.436 -28.7954
  endloop
 endfacet

 facet normal 0 0 1
  outer loop
  vertex -504.558 -746.662 -28.7954
  vertex -474.047 -682.436 -28.7954
  vertex -509.779 -706.311 -28.7954
  endloop
 endfacet

 facet normal 0 0 1
  outer loop
  vertex -509.779 -502.802 -28.7954
  vertex -474.047 -526.677 -28.7954
  vertex -457.19 -462.451 -28.7954
  endloop
 endfacet

 facet normal 0 0 1
  outer loop
  vertex -509.779 -502.802 -28.7954
  vertex -457.19 -462.451 -28.7954
  vertex -504.558 -462.451 -28.7954
  endloop
 endfacet

 facet normal 0 0 1
  outer loop
  vertex -504.558 -462.451 -28.7954
  vertex -457.19 -462.451 -28.7954
  vertex -474.047 -398.226 -28.7954
  endloop
 endfacet

 facet normal 0 0 1
  outer loop
  vertex -504.558 -462.451 -28.7954
  vertex -474.047 -398.226 -28.7954
  vertex -509.779 -422.101 -28.7954
  endloop
 endfacet

 facet normal 0 0 1
  outer loop
  vertex -509.779 -218.592 -28.7954
  vertex -474.047 -242.467 -28.7954
  vertex -457.19 -178.241 -28.7954
  endloop
 endfacet

 facet normal 0 0 1
  outer loop
  vertex -509.779 -218.592 -28.7954
  vertex -457.19 -178.241 -28.7954
  vertex -504.558 -178.241 -28.7954
  endloop
 endfacet

 facet normal 0 0 1
  outer loop
  vertex -504.558 -178.241 -28.7954
  vertex -457.19 -178.241 -28.7954
  vertex -474.047 -114.015 -28.7954
  endloop
 endfacet

 facet normal 0 0 1
  outer loop
  vertex -504.558 -178.241 -28.7954
  vertex -474.047 -114.015 -28.7954
  vertex -509.779 -137.89 -28.7954
  endloop
 endfacet

 facet normal 0 0 1
  outer loop
  vertex -457.19 -794.03 -28.7954
  vertex -409.821 -794.03 -28.7954
  vertex -409.821 -746.662 -28.7954
  endloop
 endfacet

 facet normal 0 0 1
  outer loop
  vertex -457.19 -794.03 -28.7954
  vertex -409.821 -746.662 -28.7954
  vertex -457.19 -746.662 -28.7954
  endloop
 endfacet

 facet normal 0 0 1
  outer loop
  vertex -457.19 -746.662 -28.7954
  vertex -409.821 -746.662 -28.7954
  vertex -409.821 -699.294 -28.7954
  endloop
 endfacet

 facet normal 0 0 1
  outer loop
  vertex -457.19 -746.662 -28.7954
  vertex -409.821 -699.294 -28.7954
  vertex -474.047 -682.436 -28.7954
  endloop
 endfacet

 facet normal 0 0 1
  outer loop
  vertex -474.047 -682.436 -28.7954
  vertex -409.821 -699.294 -28.7954
  vertex -409.821 -651.925 -28.7954
  endloop
 endfacet

 facet normal 0 0 1
  outer loop
  vertex -474.047 -682.436 -28.7954
  vertex -409.821 -651.925 -28.7954
  vertex -450.172 -646.705 -28.7954
  endloop
 endfacet

 facet normal 0 0 1
  outer loop
  vertex -450.172 -646.705 -28.7954
  vertex -409.821 -651.925 -28.7954
  vertex -409.821 -604.557 -28.7954
  endloop
 endfacet

 facet normal 0 0 1
  outer loop
  vertex -450.172 -646.705 -28.7954
  vertex -409.821 -604.557 -28.7954
  vertex -441.788 -604.557 -28.7954
  endloop
 endfacet

 facet normal 0 0 1
  outer loop
  vertex -441.788 -604.557 -28.7954
  vertex -409.821 -604.557 -28.7954
  vertex -409.821 -557.188 -28.7954
  endloop
 endfacet

 facet normal 0 0 1
  outer loop
  vertex -441.788 -604.557 -28.7954
  vertex -409.821 -557.188 -28.7954
  vertex -450.172 -562.409 -28.7954
  endloop
 endfacet

 facet normal 0 0 1
  outer loop
  vertex -450.172 -562.409 -28.7954
  vertex -409.821 -557.188 -28.7954
  vertex -409.821 -509.82 -28.7954
  endloop
 endfacet

 facet normal 0 0 1
  outer loop
  vertex -450.172 -562.409 -28.7954
  vertex -409.821 -509.82 -28.7954
  vertex -474.047 -526.677 -28.7954
  endloop
 endfacet

 facet normal 0 0 1
  outer loop
  vertex -474.047 -526.677 -28.7954
  vertex -409.821 -509.82 -28.7954
  vertex -409.821 -462.451 -28.7954
  endloop
 endfacet

 facet normal 0 0 1
  outer loop
  vertex -474.047 -526.677 -28.7954
  vertex -409.821 -462.451 -28.7954
  vertex -457.19 -462.451 -28.7954
  endloop
 endfacet

 facet normal 0 0 1
  outer loop
  vertex -457.19 -178.241 -28.7954
  vertex -409.821 -178.241 -28.7954
  vertex -409.821 -130.872 -28.7954
  endloop
 endfacet

 facet normal 0 0 1
  outer loop
  vertex -457.19 -178.241 -28.7954
  vertex -409.821 -130.872 -28.7954
  vertex -474.047 -114.015 -28.7954
  endloop
 endfacet

 facet normal 0 0 1
  outer loop
  vertex -474.047 -114.015 -28.7954
  vertex -409.821 -130.872 -28.7954
  vertex -409.821 -83.504 -28.7954
  endloop
 endfacet

 facet normal 0 0 1
  outer loop
  vertex -474.047 -114.015 -28.7954
  vertex -409.821 -83.504 -28.7954
  vertex -450.172 -78.2837 -28.7954
  endloop
 endfacet

 facet normal 0 0 1
  outer loop
  vertex -741.4 105.94 -28.7954
  vertex -694.032 105.94 -28.7954
  vertex -694.032 153.308 -28.7954
  endloop
 endfacet

 facet normal 0 0 1
  outer loop
  vertex -741.4 105.94 -28.7954
  vertex -694.032 153.308 -28.7954
  vertex -741.4 153.308 -28.7954
  endloop
 endfacet

 facet normal 0 0 1
  outer loop
  vertex 118.249 6.01248 -28.7954
  vertex 158.6 11.2328 -28.7954
  vertex 158.6 58.6012 -28.7954
  endloop
 endfacet

 facet normal 0 0 1
  outer loop
  vertex 118.249 6.01248 -28.7954
  vertex 158.6 58.6012 -28.7954
  vertex 94.3738 41.7439 -28.7954
  endloop
 endfacet

 facet normal 0 0 1
  outer loop
  vertex 94.3739 -526.677 -28.7954
  vertex 158.6 -509.82 -28.7954
  vertex 158.6 -462.451 -28.7954
  endloop
 endfacet

 facet normal 0 0 1
  outer loop
  vertex 94.3739 -526.677 -28.7954
  vertex 158.6 -462.451 -28.7954
  vertex 111.231 -462.451 -28.7954
  endloop
 endfacet

 facet normal 0 0 1
  outer loop
  vertex 118.249 -562.409 -28.7954
  vertex 158.6 -557.188 -28.7954
  vertex 158.6 -509.82 -28.7954
  endloop
 endfacet

 facet normal 0 0 1
  outer loop
  vertex 118.249 -562.409 -28.7954
  vertex 158.6 -509.82 -28.7954
  vertex 94.3739 -526.677 -28.7954
  endloop
 endfacet

 facet normal 0 0 1
  outer loop
  vertex 126.633 -604.557 -28.7954
  vertex 158.6 -604.557 -28.7954
  vertex 158.6 -557.188 -28.7954
  endloop
 endfacet

 facet normal 0 0 1
  outer loop
  vertex 126.633 -604.557 -28.7954
  vertex 158.6 -557.188 -28.7954
  vertex 118.249 -562.409 -28.7954
  endloop
 endfacet

 facet normal 0 0 1
  outer loop
  vertex 118.249 -646.705 -28.7954
  vertex 158.6 -651.925 -28.7954
  vertex 158.6 -604.557 -28.7954
  endloop
 endfacet

 facet normal 0 0 1
  outer loop
  vertex 118.249 -646.705 -28.7954
  vertex 158.6 -604.557 -28.7954
  vertex 126.633 -604.557 -28.7954
  endloop
 endfacet

 facet normal 0 0 1
  outer loop
  vertex 94.3738 -682.436 -28.7954
  vertex 158.6 -699.294 -28.7954
  vertex 158.6 -651.925 -28.7954
  endloop
 endfacet

 facet normal 0 0 1
  outer loop
  vertex 94.3738 -682.436 -28.7954
  vertex 158.6 -651.925 -28.7954
  vertex 118.249 -646.705 -28.7954
  endloop
 endfacet

 facet normal 0 0 1
  outer loop
  vertex 111.231 -746.662 -28.7954
  vertex 158.6 -746.662 -28.7954
  vertex 158.6 -699.294 -28.7954
  endloop
 endfacet

 facet normal 0 0 1
  outer loop
  vertex 111.231 -746.662 -28.7954
  vertex 158.6 -699.294 -28.7954
  vertex 94.3738 -682.436 -28.7954
  endloop
 endfacet

 facet normal 0 0 1
  outer loop
  vertex 111.231 -794.03 -28.7954
  vertex 158.6 -794.03 -28.7954
  vertex 158.6 -746.662 -28.7954
  endloop
 endfacet

 facet normal 0 0 1
  outer loop
  vertex 111.231 -794.03 -28.7954
  vertex 158.6 -746.662 -28.7954
  vertex 111.231 -746.662 -28.7954
  endloop
 endfacet

 facet normal 0 0 1
  outer loop
  vertex 63.8628 -178.241 -28.7954
  vertex 111.231 -178.241 -28.7954
  vertex 94.3739 -114.015 -28.7954
  endloop
 endfacet

 facet normal 0 0 1
  outer loop
  vertex 63.8628 -178.241 -28.7954
  vertex 94.3739 -114.015 -28.7954
  vertex 58.6424 -137.89 -28.7954
  endloop
 endfacet

 facet normal 0 0 1
  outer loop
  vertex 58.6424 -218.592 -28.7954
  vertex 94.3738 -242.467 -28.7954
  vertex 111.231 -178.241 -28.7954
  endloop
 endfacet

 facet normal 0 0 1
  outer loop
  vertex 58.6424 -218.592 -28.7954
  vertex 111.231 -178.241 -28.7954
  vertex 63.8628 -178.241 -28.7954
  endloop
 endfacet

 facet normal 0 0 1
  outer loop
  vertex 63.8628 -462.451 -28.7954
  vertex 111.231 -462.451 -28.7954
  vertex 94.3739 -398.226 -28.7954
  endloop
 endfacet

 facet normal 0 0 1
  outer loop
  vertex 63.8628 -462.451 -28.7954
  vertex 94.3739 -398.226 -28.7954
  vertex 58.6424 -422.101 -28.7954
  endloop
 endfacet

 facet normal 0 0 1
  outer loop
  vertex 58.6424 -502.802 -28.7954
  vertex 94.3739 -526.677 -28.7954
  vertex 111.231 -462.451 -28.7954
  endloop
 endfacet

 facet normal 0 0 1
  outer loop
  vertex 58.6424 -502.802 -28.7954
  vertex 111.231 -462.451 -28.7954
  vertex 63.8628 -462.451 -28.7954
  endloop
 endfacet

 facet normal 0 0 1
  outer loop
  vertex 63.8628 -746.662 -28.7954
  vertex 111.231 -746.662 -28.7954
  vertex 94.3738 -682.436 -28.7954
  endloop
 endfacet

 facet normal 0 0 1
  outer loop
  vertex 63.8628 -746.662 -28.7954
  vertex 94.3738 -682.436 -28.7954
  vertex 58.6424 -706.311 -28.7954
  endloop
 endfacet

 facet normal 0 0 1
  outer loop
  vertex 63.8628 -794.03 -28.7954
  vertex 111.231 -794.03 -28.7954
  vertex 111.231 -746.662 -28.7954
  endloop
 endfacet

 facet normal 0 0 1
  outer loop
  vertex 63.8628 -794.03 -28.7954
  vertex 111.231 -746.662 -28.7954
  vertex 63.8628 -746.662 -28.7954
  endloop
 endfacet

 facet normal 0 0 1
  outer loop
  vertex -30.8741 -178.241 -28.7954
  vertex 16.4944 -178.241 -28.7954
  vertex 16.4944 -146.274 -28.7954
  endloop
 endfacet

 facet normal 0 0 1
  outer loop
  vertex -30.8741 -178.241 -28.7954
  vertex 16.4944 -146.274 -28.7954
  vertex -25.6537 -137.89 -28.7954
  endloop
 endfacet

 facet normal 0 0 1
  outer loop
  vertex -25.6538 -218.592 -28.7954
  vertex 16.4943 -210.208 -28.7954
  vertex 16.4944 -178.241 -28.7954
  endloop
 endfacet

 facet normal 0 0 1
  outer loop
  vertex -25.6538 -218.592 -28.7954
  vertex 16.4944 -178.241 -28.7954
  vertex -30.8741 -178.241 -28.7954
  endloop
 endfacet

 facet normal 0 0 1
  outer loop
  vertex -30.8741 -462.451 -28.7954
  vertex 16.4944 -462.451 -28.7954
  vertex 16.4944 -430.484 -28.7954
  endloop
 endfacet

 facet normal 0 0 1
  outer loop
  vertex -30.8741 -462.451 -28.7954
  vertex 16.4944 -430.484 -28.7954
  vertex -25.6537 -422.101 -28.7954
  endloop
 endfacet

 facet normal 0 0 1
  outer loop
  vertex -741.4 58.6012 -28.7954
  vertex -694.032 58.6012 -28.7954
  vertex -694.032 105.023 -28.7954
  endloop
 endfacet

 facet normal 0 0 1
  outer loop
  vertex -741.4 58.6012 -28.7954
  vertex -694.032 105.023 -28.7954
  vertex -741.4 105.023 -28.7954
  endloop
 endfacet

 facet normal 0 0 1
  outer loop
  vertex 94.3738 41.7439 -28.7954
  vertex 158.6 58.6012 -28.7954
  vertex 158.6 105.023 -28.7954
  endloop
 endfacet

 facet normal 0 0 1
  outer loop
  vertex 94.3738 41.7439 -28.7954
  vertex 158.6 105.023 -28.7954
  vertex 111.231 105.023 -28.7954
  endloop
 endfacet

 facet normal 0 -1 0
  outer loop
  vertex -694.032 -794.03 14.242
  vertex -741.4 -794.03 14.242
  vertex -741.4 -794.03 -28.7954
  endloop
 endfacet

 facet normal 0 -1 0
  outer loop
  vertex -694.032 -794.03 14.242
  vertex -741.4 -794.03 -28.7954
  vertex -694.032 -794.03 -28.7954
  endloop
 endfacet

 facet normal 0 -1 0
  outer loop
  vertex -646.664 -794.03 14.242
  vertex -694.032 -794.03 14.242
  vertex -694.032 -794.03 -28.7954
  endloop
 endfacet

 facet normal 0 -1 0
  outer loop
  vertex -646.664 -794.03 14.242
  vertex -694.032 -794.03 -28.7954
  vertex -646.664 -794.03 -28.7954
  endloop
 endfacet

 facet normal 0 -1 0
  outer loop
  vertex -599.295 -794.03 14.242
  vertex -646.664 -794.03 14.242
  vertex -646.664 -794.03 -28.7954
  endloop
 endfacet

 facet normal 0 -1 0
  outer loop
  vertex -599.295 -794.03 14.242
  vertex -646.664 -794.03 -28.7954
  vertex -599.295 -794.03 -28.7954
  endloop
 endfacet

 facet normal 0 -1 0
  outer loop
  vertex -551.927 -794.03 14.242
  vertex -599.295 -794.03 14.242
  vertex -599.295 -794.03 -28.7954
  endloop
 endfacet

 facet normal 0 -1 0
  outer loop
  vertex -551.927 -794.03 14.242
  vertex -599.295 -794.03 -28.7954
  vertex -551.927 -794.03 -28.7954
  endloop
 endfacet

 facet normal 0 -1 0
  outer loop
  vertex -504.558 -794.03 14.242
  vertex -551.927 -794.03 14.242
  vertex -551.927 -794.03 -28.7954
  endloop
 endfacet

 facet normal 0 -1 0
  outer loop
  vertex -504.558 -794.03 14.242
  vertex -551.927 -794.03 -28.7954
  vertex -504.558 -794.03 -28.7954
  endloop
 endfacet

 facet normal 0 -1 0
  outer loop
  vertex -457.19 -794.03 14.242
  vertex -504.558 -794.03 14.242
  vertex -504.558 -794.03 -28.7954
  endloop
 endfacet

 facet normal 0 -1 0
  outer loop
  vertex -457.19 -794.03 14.242
  vertex -504.558 -794.03 -28.7954
  vertex -457.19 -794.03 -28.7954
  endloop
 endfacet

 facet normal 0 -1 0
  outer loop
  vertex -409.821 -794.03 14.242
  vertex -457.19 -794.03 14.242
  vertex -457.19 -794.03 -28.7954
  endloop
 endfacet

 facet normal 0 -1 0
  outer loop
  vertex -409.821 -794.03 14.242
  vertex -457.19 -794.03 -28.7954
  vertex -409.821 -794.03 -28.7954
  endloop
 endfacet

 facet normal 0 -1 0
  outer loop
  vertex -362.453 -794.03 14.242
  vertex -409.821 -794.03 14.242
  vertex -409.821 -794.03 -28.7954
  endloop
 endfacet

 facet normal 0 -1 0
  outer loop
  vertex -362.453 -794.03 14.242
  vertex -409.821 -794.03 -28.7954
  vertex -362.453 -794.03 -28.7954
  endloop
 endfacet

 facet normal 0 -1 0
  outer loop
  vertex -315.085 -794.03 14.242
  vertex -362.453 -794.03 14.242
  vertex -362.453 -794.03 -28.7954
  endloop
 endfacet

 facet normal 0 -1 0
  outer loop
  vertex -315.085 -794.03 14.242
  vertex -362.453 -794.03 -28.7954
  vertex -315.085 -794.03 -28.7954
  endloop
 endfacet

 facet normal 0 -1 0
  outer loop
  vertex -267.716 -794.03 14.242
  vertex -315.085 -794.03 14.242
  vertex -315.085 -794.03 -28.7954
  endloop
 endfacet

 facet normal 0 -1 0
  outer loop
  vertex -267.716 -794.03 14.242
  vertex -315.085 -794.03 -28.7954
  vertex -267.716 -794.03 -28.7954
  endloop
 endfacet

 facet normal 0 -1 0
  outer loop
  vertex -220.348 -794.03 14.242
  vertex -267.716 -794.03 14.242
  vertex -267.716 -794.03 -28.7954
  endloop
 endfacet

 facet normal 0 -1 0
  outer loop
  vertex -220.348 -794.03 14.242
  vertex -267.716 -794.03 -28.7954
  vertex -220.348 -794.03 -28.7954
  endloop
 endfacet

 facet normal 0 -1 0
  outer loop
  vertex -172.979 -794.03 14.242
  vertex -220.348 -794.03 14.242
  vertex -220.348 -794.03 -28.7954
  endloop
 endfacet

 facet normal 0 -1 0
  outer loop
  vertex -172.979 -794.03 14.242
  vertex -220.348 -794.03 -28.7954
  vertex -172.979 -794.03 -28.7954
  endloop
 endfacet

 facet normal 0 -1 0
  outer loop
  vertex -125.611 -794.03 14.242
  vertex -172.979 -794.03 14.242
  vertex -172.979 -794.03 -28.7954
  endloop
 endfacet

 facet normal 0 -1 0
  outer loop
  vertex -125.611 -794.03 14.242
  vertex -172.979 -794.03 -28.7954
  vertex -125.611 -794.03 -28.7954
  endloop
 endfacet

 facet normal 0 -1 0
  outer loop
  vertex -78.2425 -794.03 14.242
  vertex -125.611 -794.03 14.242
  vertex -125.611 -794.03 -28.7954
  endloop
 endfacet

 facet normal 0 -1 0
  outer loop
  vertex -78.2425 -794.03 14.242
  vertex -125.611 -794.03 -28.7954
  vertex -78.2425 -794.03 -28.7954
  endloop
 endfacet

 facet normal 0 -1 0
  outer loop
  vertex -30.8741 -794.03 14.242
  vertex -78.2425 -794.03 14.242
  vertex -78.2425 -794.03 -28.7954
  endloop
 endfacet

 facet normal 0 -1 0
  outer loop
  vertex -30.8741 -794.03 14.242
  vertex -78.2425 -794.03 -28.7954
  vertex -30.8741 -794.03 -28.7954
  endloop
 endfacet

 facet normal 0 -1 0
  outer loop
  vertex 16.4944 -794.03 14.242
  vertex -30.8741 -794.03 14.242
  vertex -30.8741 -794.03 -28.7954
  endloop
 endfacet

 facet normal 0 -1 0
  outer loop
  vertex 16.4944 -794.03 14.242
  vertex -30.8741 -794.03 -28.7954
  vertex 16.4944 -794.03 -28.7954
  endloop
 endfacet

 facet normal 0 -1 0
  outer loop
  vertex 63.8628 -794.03 14.242
  vertex 16.4944 -794.03 14.242
  vertex 16.4944 -794.03 -28.7954
  endloop
 endfacet

 facet normal 0 -1 0
  outer loop
  vertex 63.8628 -794.03 14.242
  vertex 16.4944 -794.03 -28.7954
  vertex 63.8628 -794.03 -28.7954
  endloop
 endfacet

 facet normal 0 -1 0
  outer loop
  vertex 158.6 -794.03 -28.7954
  vertex 158.6 -794.03 14.242
  vertex 111.231 -794.03 14.242
  endloop
 endfacet

 facet normal 0 -1 0
  outer loop
  vertex 111.231 -794.03 14.242
  vertex 63.8628 -794.03 14.242
  vertex 63.8628 -794.03 -28.7954
  endloop
 endfacet

 facet normal 0 -1 0
  outer loop
  vertex 111.231 -794.03 -28.7954
  vertex 158.6 -794.03 -28.7954
  vertex 111.231 -794.03 14.242
  endloop
 endfacet

 facet normal 0 -1 0
  outer loop
  vertex 63.8628 -794.03 -28.7954
  vertex 111.231 -794.03 -28.7954
  vertex 111.231 -794.03 14.242
  endloop
 endfacet

 facet normal 0 -1 0
  outer loop
  vertex 158.428 -794.03 14.242
  vertex 158.428 -794.03 -28.7954
  vertex 205.796 -794.03 -28.7954
  endloop
 endfacet

 facet normal 0 -1 0
  outer loop
  vertex 158.428 -794.03 14.242
  vertex 205.796 -794.03 -28.7954
  vertex 205.796 -794.03 14.242
  endloop
 endfacet

 facet normal 1 0 0
  outer loop
  vertex 205.796 -746.662 14.242
  vertex 205.796 -794.03 14.242
  vertex 205.796 -794.03 -28.7954
  endloop
 endfacet

 facet normal 1 0 0
  outer loop
  vertex 205.796 -746.662 14.242
  vertex 205.796 -794.03 -28.7954
  vertex 205.796 -746.662 -28.7954
  endloop
 endfacet

 facet normal 1 0 0
  outer loop
  vertex 205.796 -699.294 14.242
  vertex 205.796 -746.662 14.242
  vertex 205.796 -746.662 -28.7954
  endloop
 endfacet

 facet normal 1 0 0
  outer loop
  vertex 205.796 -699.294 14.242
  vertex 205.796 -746.662 -28.7954
  vertex 205.796 -699.294 -28.7954
  endloop
 endfacet

 facet normal 1 0 0
  outer loop
  vertex 205.796 -651.925 14.242
  vertex 205.796 -699.294 14.242
  vertex 205.796 -699.294 -28.7954
  endloop
 endfacet

 facet normal 1 0 0
  outer loop
  vertex 205.796 -651.925 14.242
  vertex 205.796 -699.294 -28.7954
  vertex 205.796 -651.925 -28.7954
  endloop
 endfacet

 facet normal 1 0 0
  outer loop
  vertex 205.796 -604.557 14.242
  vertex 205.796 -651.925 14.242
  vertex 205.796 -651.925 -28.7954
  endloop
 endfacet

 facet normal 1 0 0
  outer loop
  vertex 205.796 -604.557 14.242
  vertex 205.796 -651.925 -28.7954
  vertex 205.796 -604.557 -28.7954
  endloop
 endfacet

 facet normal 1 0 0
  outer loop
  vertex 205.796 -557.188 14.242
  vertex 205.796 -604.557 14.242
  vertex 205.796 -604.557 -28.7954
  endloop
 endfacet

 facet normal 1 0 0
  outer loop
  vertex 205.796 -557.188 14.242
  vertex 205.796 -604.557 -28.7954
  vertex 205.796 -557.188 -28.7954
  endloop
 endfacet

 facet normal 1 0 0
  outer loop
  vertex 205.796 -509.82 14.242
  vertex 205.796 -557.188 14.242
  vertex 205.796 -557.188 -28.7954
  endloop
 endfacet

 facet normal 1 0 0
  outer loop
  vertex 205.796 -509.82 14.242
  vertex 205.796 -557.188 -28.7954
  vertex 205.796 -509.82 -28.7954
  endloop
 endfacet

 facet normal 1 0 0
  outer loop
  vertex 205.796 -462.451 14.242
  vertex 205.796 -509.82 14.242
  vertex 205.796 -509.82 -28.7954
  endloop
 endfacet

 facet normal 1 0 0
  outer loop
  vertex 205.796 -462.451 14.242
  vertex 205.796 -509.82 -28.7954
  vertex 205.796 -462.451 -28.7954
  endloop
 endfacet

 facet normal 1 0 0
  outer loop
  vertex 205.796 -415.083 14.242
  vertex 205.796 -462.451 14.242
  vertex 205.796 -462.451 -28.7954
  endloop
 endfacet

 facet normal 1 0 0
  outer loop
  vertex 205.796 -415.083 14.242
  vertex 205.796 -462.451 -28.7954
  vertex 205.796 -415.083 -28.7954
  endloop
 endfacet

 facet normal 1 0 0
  outer loop
  vertex 205.796 -367.715 14.242
  vertex 205.796 -415.083 14.242
  vertex 205.796 -415.083 -28.7954
  endloop
 endfacet

 facet normal 1 0 0
  outer loop
  vertex 205.796 -367.715 14.242
  vertex 205.796 -415.083 -28.7954
  vertex 205.796 -367.715 -28.7954
  endloop
 endfacet

 facet normal 1 0 0
  outer loop
  vertex 205.796 -320.346 14.242
  vertex 205.796 -367.715 14.242
  vertex 205.796 -367.715 -28.7954
  endloop
 endfacet

 facet normal 1 0 0
  outer loop
  vertex 205.796 -320.346 14.242
  vertex 205.796 -367.715 -28.7954
  vertex 205.796 -320.346 -28.7954
  endloop
 endfacet

 facet normal 1 0 0
  outer loop
  vertex 205.796 -272.978 14.242
  vertex 205.796 -320.346 14.242
  vertex 205.796 -320.346 -28.7954
  endloop
 endfacet

 facet normal 1 0 0
  outer loop
  vertex 205.796 -272.978 14.242
  vertex 205.796 -320.346 -28.7954
  vertex 205.796 -272.978 -28.7954
  endloop
 endfacet

 facet normal 1 0 0
  outer loop
  vertex 205.796 -225.609 14.242
  vertex 205.796 -272.978 14.242
  vertex 205.796 -272.978 -28.7954
  endloop
 endfacet

 facet normal 1 0 0
  outer loop
  vertex 205.796 -225.609 14.242
  vertex 205.796 -272.978 -28.7954
  vertex 205.796 -225.609 -28.7954
  endloop
 endfacet

 facet normal 1 0 0
  outer loop
  vertex 205.796 -178.241 14.242
  vertex 205.796 -225.609 14.242
  vertex 205.796 -225.609 -28.7954
  endloop
 endfacet

 facet normal 1 0 0
  outer loop
  vertex 205.796 -178.241 14.242
  vertex 205.796 -225.609 -28.7954
  vertex 205.796 -178.241 -28.7954
  endloop
 endfacet

 facet normal 1 0 0
  outer loop
  vertex 205.796 -130.872 14.242
  vertex 205.796 -178.241 14.242
  vertex 205.796 -178.241 -28.7954
  endloop
 endfacet

 facet normal 1 0 0
  outer loop
  vertex 205.796 -130.872 14.242
  vertex 205.796 -178.241 -28.7954
  vertex 205.796 -130.872 -28.7954
  endloop
 endfacet

 facet normal 1 0 0
  outer loop
  vertex 205.796 -83.504 14.242
  vertex 205.796 -130.872 14.242
  vertex 205.796 -130.872 -28.7954
  endloop
 endfacet

 facet normal 1 0 0
  outer loop
  vertex 205.796 -83.504 14.242
  vertex 205.796 -130.872 -28.7954
  vertex 205.796 -83.504 -28.7954
  endloop
 endfacet

 facet normal 1 0 0
  outer loop
  vertex 205.796 -36.1356 14.242
  vertex 205.796 -83.504 14.242
  vertex 205.796 -83.504 -28.7954
  endloop
 endfacet

 facet normal 1 0 0
  outer loop
  vertex 205.796 -36.1356 14.242
  vertex 205.796 -83.504 -28.7954
  vertex 205.796 -36.1356 -28.7954
  endloop
 endfacet

 facet normal 1 1.28852e-06 0
  outer loop
  vertex 205.796 58.6012 -28.7954
  vertex 205.796 58.6012 14.242
  vertex 205.796 11.2328 14.242
  endloop
 endfacet

 facet normal 1 4.29506e-07 0
  outer loop
  vertex 205.796 11.2328 14.242
  vertex 205.796 -36.1356 14.242
  vertex 205.796 -36.1356 -28.7954
  endloop
 endfacet

 facet normal 1 1.28852e-06 0
  outer loop
  vertex 205.796 11.2328 -28.7954
  vertex 205.796 58.6012 -28.7954
  vertex 205.796 11.2328 14.242
  endloop
 endfacet

 facet normal 1 8.59013e-07 0
  outer loop
  vertex 205.796 -36.1356 -28.7954
  vertex 205.796 11.2328 -28.7954
  vertex 205.796 11.2328 14.242
  endloop
 endfacet

 facet normal 1 0 0
  outer loop
  vertex 205.298 58.6012 14.242
  vertex 205.298 58.6012 -28.7954
  vertex 205.298 105.023 -28.7954
  endloop
 endfacet

 facet normal 1 0 0
  outer loop
  vertex 205.298 58.6012 14.242
  vertex 205.298 105.023 -28.7954
  vertex 205.298 105.023 14.242
  endloop
 endfacet

 facet normal 1 0 0
  outer loop
  vertex 205.796 105.94 14.242
  vertex 205.796 105.94 -28.7954
  vertex 205.796 153.308 -28.7954
  endloop
 endfacet

 facet normal 1 0 0
  outer loop
  vertex 205.796 105.94 14.242
  vertex 205.796 153.308 -28.7954
  vertex 205.796 153.308 14.242
  endloop
 endfacet

 facet normal -nan -nan -nan
  outer loop
  vertex -125.611 153.308 14.242
  vertex -78.2424 153.308 14.242
  vertex -30.874 153.308 14.242
  endloop
 endfacet

 facet normal -nan -nan -nan
  outer loop
  vertex -172.979 153.308 14.242
  vertex -125.611 153.308 14.242
  vertex -30.874 153.308 14.242
  endloop
 endfacet

 facet normal -nan -nan -nan
  outer loop
  vertex -220.348 153.308 14.242
  vertex -172.979 153.308 14.242
  vertex -30.874 153.308 14.242
  endloop
 endfacet

 facet normal -nan -nan -nan
  outer loop
  vertex -267.716 153.308 14.242
  vertex -220.348 153.308 14.242
  vertex -30.874 153.308 14.242
  endloop
 endfacet

 facet normal -nan -nan -nan
  outer loop
  vertex -315.085 153.308 14.242
  vertex -267.716 153.308 14.242
  vertex -30.874 153.308 14.242
  endloop
 endfacet

 facet normal -nan -nan -nan
  outer loop
  vertex -362.453 153.308 14.242
  vertex -315.085 153.308 14.242
  vertex -30.874 153.308 14.242
  endloop
 endfacet

 facet normal -nan -nan -nan
  outer loop
  vertex -409.821 153.308 14.242
  vertex -362.453 153.308 14.242
  vertex -30.874 153.308 14.242
  endloop
 endfacet

 facet normal -nan -nan -nan
  outer loop
  vertex -457.19 153.308 14.242
  vertex -409.821 153.308 14.242
  vertex -30.874 153.308 14.242
  endloop
 endfacet

 facet normal -nan -nan -nan
  outer loop
  vertex -599.295 153.308 14.242
  vertex -551.927 153.308 14.242
  vertex -504.558 153.308 14.242
  endloop
 endfacet

 facet normal -nan -nan -nan
  outer loop
  vertex -504.558 153.308 14.242
  vertex -457.19 153.308 14.242
  vertex -30.874 153.308 14.242
  endloop
 endfacet

 facet normal -nan -nan -nan
  outer loop
  vertex -646.664 153.308 14.242
  vertex -599.295 153.308 14.242
  vertex -504.558 153.308 14.242
  endloop
 endfacet

 facet normal 0 0 -1
  outer loop
  vertex -741.4 153.308 14.242
  vertex -694.032 153.308 14.242
  vertex -646.664 153.308 14.242
  endloop
 endfacet

 facet normal -9.66392e-07 1 0
  outer loop
  vertex -694.032 153.308 -28.7954
  vertex -741.4 153.308 -28.7954
  vertex -741.4 153.308 14.242
  endloop
 endfacet

 facet normal -6.44261e-07 1 3.54547e-07
  outer loop
  vertex -646.664 153.308 -28.7954
  vertex -694.032 153.308 -28.7954
  vertex -741.4 153.308 14.242
  endloop
 endfacet

 facet normal 0 0 -1
  outer loop
  vertex -741.4 153.308 14.242
  vertex -646.664 153.308 14.242
  vertex -504.558 153.308 14.242
  endloop
 endfacet

 facet normal 0 0 -1
  outer loop
  vertex -741.4 153.308 14.242
  vertex -504.558 153.308 14.242
  vertex -30.874 153.308 14.242
  endloop
 endfacet

 facet normal -3.22131e-07 1 7.09094e-07
  outer loop
  vertex -599.295 153.308 -28.7954
  vertex -646.664 153.308 -28.7954
  vertex -741.4 153.308 14.242
  endloop
 endfacet

 facet normal -3.22131e-07 1 7.09094e-07
  outer loop
  vertex -551.927 153.308 -28.7954
  vertex -599.295 153.308 -28.7954
  vertex -741.4 153.308 14.242
  endloop
 endfacet

 facet normal -3.43606e-07 1 6.14548e-07
  outer loop
  vertex -551.927 153.308 -28.7954
  vertex -741.4 153.308 14.242
  vertex -30.874 153.308 14.242
  endloop
 endfacet

 facet normal -2.14753e-08 1 6.14548e-07
  outer loop
  vertex -504.558 153.308 -28.7954
  vertex -551.927 153.308 -28.7954
  vertex -30.874 153.308 14.242
  endloop
 endfacet

 facet normal -2.14753e-08 1 2.60001e-07
  outer loop
  vertex -504.558 153.308 -28.7954
  vertex -30.874 153.308 14.242
  vertex 16.4944 153.308 14.242
  endloop
 endfacet

 facet normal 0 1 0
  outer loop
  vertex -457.19 153.308 -28.7954
  vertex -504.558 153.308 -28.7954
  vertex 16.4944 153.308 14.242
  endloop
 endfacet

 facet normal 0 1 0
  outer loop
  vertex -457.19 153.308 -28.7954
  vertex 16.4944 153.308 14.242
  vertex 63.8628 153.308 14.242
  endloop
 endfacet

 facet normal 0 1 0
  outer loop
  vertex -409.821 153.308 -28.7954
  vertex -457.19 153.308 -28.7954
  vertex 63.8628 153.308 14.242
  endloop
 endfacet

 facet normal 0 1 0
  outer loop
  vertex 111.231 153.308 14.242
  vertex 158.6 153.308 14.242
  vertex 158.6 153.308 -28.7954
  endloop
 endfacet

 facet normal 0 1 0
  outer loop
  vertex -409.821 153.308 -28.7954
  vertex 63.8628 153.308 14.242
  vertex 111.231 153.308 14.242
  endloop
 endfacet

 facet normal 0 1 0
  outer loop
  vertex -362.453 153.308 -28.7954
  vertex -409.821 153.308 -28.7954
  vertex 111.231 153.308 14.242
  endloop
 endfacet

 facet normal 0 1 0
  outer loop
  vertex 111.231 153.308 14.242
  vertex 158.6 153.308 -28.7954
  vertex 111.231 153.308 -28.7954
  endloop
 endfacet

 facet normal 0 1 0
  outer loop
  vertex 111.231 153.308 14.242
  vertex 111.231 153.308 -28.7954
  vertex 63.8628 153.308 -28.7954
  endloop
 endfacet

 facet normal 0 1 0
  outer loop
  vertex -315.085 153.308 -28.7954
  vertex -362.453 153.308 -28.7954
  vertex 111.231 153.308 14.242
  endloop
 endfacet

 facet normal 0 1 0
  outer loop
  vertex -267.716 153.308 -28.7954
  vertex -315.085 153.308 -28.7954
  vertex 111.231 153.308 14.242
  endloop
 endfacet

 facet normal 0 1 0
  outer loop
  vertex 111.231 153.308 14.242
  vertex 63.8628 153.308 -28.7954
  vertex 16.4944 153.308 -28.7954
  endloop
 endfacet

 facet normal 0 1 0
  outer loop
  vertex 111.231 153.308 14.242
  vertex 16.4944 153.308 -28.7954
  vertex -30.874 153.308 -28.7954
  endloop
 endfacet

 facet normal 0 1 0
  outer loop
  vertex -220.348 153.308 -28.7954
  vertex -267.716 153.308 -28.7954
  vertex 111.231 153.308 14.242
  endloop
 endfacet

 facet normal 0 1 0
  outer loop
  vertex -172.979 153.308 -28.7954
  vertex -220.348 153.308 -28.7954
  vertex 111.231 153.308 14.242
  endloop
 endfacet

 facet normal 0 1 0
  outer loop
  vertex 111.231 153.308 14.242
  vertex -30.874 153.308 -28.7954
  vertex -78.2424 153.308 -28.7954
  endloop
 endfacet

 facet normal 0 1 0
  outer loop
  vertex -125.611 153.308 -28.7954
  vertex -172.979 153.308 -28.7954
  vertex 111.231 153.308 14.242
  endloop
 endfacet

 facet normal 0 1 0
  outer loop
  vertex 111.231 153.308 14.242
  vertex -78.2424 153.308 -28.7954
  vertex -125.611 153.308 -28.7954
  endloop
 endfacet

 facet normal -9.69905e-07 1 0
  outer loop
  vertex 205.796 153.308 14.242
  vertex 205.796 153.308 -28.7954
  vertex 158.6 153.308 -28.7954
  endloop
 endfacet

 facet normal -9.69905e-07 1 0
  outer loop
  vertex 205.796 153.308 14.242
  vertex 158.6 153.308 -28.7954
  vertex 158.6 153.308 14.242
  endloop
 endfacet

 facet normal -1 1.3148e-06 0
  outer loop
  vertex -741.4 58.6012 14.242
  vertex -741.4 105.023 14.242
  vertex -741.4 105.023 -28.7954
  endloop
 endfacet

 facet normal -1 1.3148e-06 0
  outer loop
  vertex -741.4 58.6012 14.242
  vertex -741.4 105.023 -28.7954
  vertex -741.4 58.6012 -28.7954
  endloop
 endfacet

 facet normal -1 8.76534e-07 0
  outer loop
  vertex -741.4 11.2328 14.242
  vertex -741.4 58.6012 14.242
  vertex -741.4 58.6012 -28.7954
  endloop
 endfacet

 facet normal -1 4.38267e-07 0
  outer loop
  vertex -741.4 11.2328 14.242
  vertex -741.4 58.6012 -28.7954
  vertex -741.4 11.2328 -28.7954
  endloop
 endfacet

 facet normal -1 0 0
  outer loop
  vertex -741.4 -36.1357 14.242
  vertex -741.4 11.2328 14.242
  vertex -741.4 11.2328 -28.7954
  endloop
 endfacet

 facet normal -1 0 0
  outer loop
  vertex -741.4 -36.1357 14.242
  vertex -741.4 11.2328 -28.7954
  vertex -741.4 -36.1357 -28.7954
  endloop
 endfacet

 facet normal -1 0 0
  outer loop
  vertex -741.4 -83.5041 14.242
  vertex -741.4 -36.1357 14.242
  vertex -741.4 -36.1357 -28.7954
  endloop
 endfacet

 facet normal -1 0 0
  outer loop
  vertex -741.4 -83.5041 14.242
  vertex -741.4 -36.1357 -28.7954
  vertex -741.4 -83.5041 -28.7954
  endloop
 endfacet

 facet normal -1 0 0
  outer loop
  vertex -741.4 -130.872 14.242
  vertex -741.4 -83.5041 14.242
  vertex -741.4 -83.5041 -28.7954
  endloop
 endfacet

 facet normal -1 0 0
  outer loop
  vertex -741.4 -130.872 14.242
  vertex -741.4 -83.5041 -28.7954
  vertex -741.4 -130.872 -28.7954
  endloop
 endfacet

 facet normal -1 0 0
  outer loop
  vertex -741.4 -178.241 14.242
  vertex -741.4 -130.872 14.242
  vertex -741.4 -130.872 -28.7954
  endloop
 endfacet

 facet normal -1 0 0
  outer loop
  vertex -741.4 -178.241 14.242
  vertex -741.4 -130.872 -28.7954
  vertex -741.4 -178.241 -28.7954
  endloop
 endfacet

 facet normal -1 0 0
  outer loop
  vertex -741.4 -225.609 14.242
  vertex -741.4 -178.241 14.242
  vertex -741.4 -178.241 -28.7954
  endloop
 endfacet

 facet normal -1 0 0
  outer loop
  vertex -741.4 -225.609 14.242
  vertex -741.4 -178.241 -28.7954
  vertex -741.4 -225.609 -28.7954
  endloop
 endfacet

 facet normal -1 0 0
  outer loop
  vertex -741.4 -272.978 14.242
  vertex -741.4 -225.609 14.242
  vertex -741.4 -225.609 -28.7954
  endloop
 endfacet

 facet normal -1 0 0
  outer loop
  vertex -741.4 -272.978 14.242
  vertex -741.4 -225.609 -28.7954
  vertex -741.4 -272.978 -28.7954
  endloop
 endfacet

 facet normal -1 0 0
  outer loop
  vertex -741.4 -320.346 14.242
  vertex -741.4 -272.978 14.242
  vertex -741.4 -272.978 -28.7954
  endloop
 endfacet

 facet normal -1 0 0
  outer loop
  vertex -741.4 -320.346 14.242
  vertex -741.4 -272.978 -28.7954
  vertex -741.4 -320.346 -28.7954
  endloop
 endfacet

 facet normal -1 0 0
  outer loop
  vertex -741.4 -367.715 14.242
  vertex -741.4 -320.346 14.242
  vertex -741.4 -320.346 -28.7954
  endloop
 endfacet

 facet normal -1 0 0
  outer loop
  vertex -741.4 -367.715 14.242
  vertex -741.4 -320.346 -28.7954
  vertex -741.4 -367.715 -28.7954
  endloop
 endfacet

 facet normal -1 0 0
  outer loop
  vertex -741.4 -415.083 14.242
  vertex -741.4 -367.715 14.242
  vertex -741.4 -367.715 -28.7954
  endloop
 endfacet

 facet normal -1 0 0
  outer loop
  vertex -741.4 -415.083 14.242
  vertex -741.4 -367.715 -28.7954
  vertex -741.4 -415.083 -28.7954
  endloop
 endfacet

 facet normal -1 0 0
  outer loop
  vertex -741.4 -462.451 14.242
  vertex -741.4 -415.083 14.242
  vertex -741.4 -415.083 -28.7954
  endloop
 endfacet

 facet normal -1 0 0
  outer loop
  vertex -741.4 -462.451 14.242
  vertex -741.4 -415.083 -28.7954
  vertex -741.4 -462.451 -28.7954
  endloop
 endfacet

 facet normal -1 0 0
  outer loop
  vertex -741.4 -509.82 14.242
  vertex -741.4 -462.451 14.242
  vertex -741.4 -462.451 -28.7954
  endloop
 endfacet

 facet normal -1 0 0
  outer loop
  vertex -741.4 -509.82 14.242
  vertex -741.4 -462.451 -28.7954
  vertex -741.4 -509.82 -28.7954
  endloop
 endfacet

 facet normal -1 0 0
  outer loop
  vertex -741.4 -557.188 14.242
  vertex -741.4 -509.82 14.242
  vertex -741.4 -509.82 -28.7954
  endloop
 endfacet

 facet normal -1 0 0
  outer loop
  vertex -741.4 -557.188 14.242
  vertex -741.4 -509.82 -28.7954
  vertex -741.4 -557.188 -28.7954
  endloop
 endfacet

 facet normal -1 0 0
  outer loop
  vertex -741.4 -604.557 14.242
  vertex -741.4 -557.188 14.242
  vertex -741.4 -557.188 -28.7954
  endloop
 endfacet

 facet normal -1 0 0
  outer loop
  vertex -741.4 -604.557 14.242
  vertex -741.4 -557.188 -28.7954
  vertex -741.4 -604.557 -28.7954
  endloop
 endfacet

 facet normal -1 0 0
  outer loop
  vertex -741.4 -651.925 14.242
  vertex -741.4 -604.557 14.242
  vertex -741.4 -604.557 -28.7954
  endloop
 endfacet

 facet normal -1 0 0
  outer loop
  vertex -741.4 -651.925 14.242
  vertex -741.4 -604.557 -28.7954
  vertex -741.4 -651.925 -28.7954
  endloop
 endfacet

 facet normal -1 0 0
  outer loop
  vertex -741.4 -699.294 14.242
  vertex -741.4 -651.925 14.242
  vertex -741.4 -651.925 -28.7954
  endloop
 endfacet

 facet normal -1 0 0
  outer loop
  vertex -741.4 -699.294 14.242
  vertex -741.4 -651.925 -28.7954
  vertex -741.4 -699.294 -28.7954
  endloop
 endfacet

 facet normal -1 0 0
  outer loop
  vertex -741.4 -794.03 -28.7954
  vertex -741.4 -794.03 14.242
  vertex -741.4 -746.662 14.242
  endloop
 endfacet

 facet normal -1 0 0
  outer loop
  vertex -741.4 -746.662 14.242
  vertex -741.4 -699.294 14.242
  vertex -741.4 -699.294 -28.7954
  endloop
 endfacet

 facet normal -1 0 0
  outer loop
  vertex -741.4 -746.662 -28.7954
  vertex -741.4 -794.03 -28.7954
  vertex -741.4 -746.662 14.242
  endloop
 endfacet

 facet normal -1 0 0
  outer loop
  vertex -741.4 -746.662 14.242
  vertex -741.4 -699.294 -28.7954
  vertex -741.4 -746.662 -28.7954
  endloop
 endfacet

 facet normal -1 0 0
  outer loop
  vertex -741.4 153.308 14.242
  vertex -741.4 153.308 -28.7954
  vertex -741.4 105.94 -28.7954
  endloop
 endfacet

 facet normal -1 0 0
  outer loop
  vertex -741.4 153.308 14.242
  vertex -741.4 105.94 -28.7954
  vertex -741.4 105.94 14.242
  endloop
 endfacet

 facet normal 0.980785 0.195091 0
  outer loop
  vertex -369.471 -362.494 14.242
  vertex -369.471 -362.494 -28.7954
  vertex -377.854 -320.346 -28.7954
  endloop
 endfacet

 facet normal 0.980785 0.195091 0
  outer loop
  vertex -369.471 -362.494 14.242
  vertex -377.854 -320.346 -28.7954
  vertex -377.854 -320.346 14.242
  endloop
 endfacet

 facet normal 0.980785 -0.195091 0
  outer loop
  vertex -369.471 -278.198 14.242
  vertex -377.854 -320.346 14.242
  vertex -377.854 -320.346 -28.7954
  endloop
 endfacet

 facet normal 0.83147 -0.55557 0
  outer loop
  vertex -369.471 -278.198 -28.7954
  vertex -345.596 -242.467 -28.7954
  vertex -345.596 -242.467 14.242
  endloop
 endfacet

 facet normal 0.980785 -0.195091 0
  outer loop
  vertex -369.471 -278.198 14.242
  vertex -377.854 -320.346 -28.7954
  vertex -369.471 -278.198 -28.7954
  endloop
 endfacet

 facet normal 0.83147 -0.55557 0
  outer loop
  vertex -369.471 -278.198 14.242
  vertex -369.471 -278.198 -28.7954
  vertex -345.596 -242.467 14.242
  endloop
 endfacet

 facet normal 0.19509 -0.980785 0
  outer loop
  vertex -267.716 -210.208 14.242
  vertex -309.864 -218.592 14.242
  vertex -309.864 -218.592 -28.7954
  endloop
 endfacet

 facet normal 0.19509 -0.980785 0
  outer loop
  vertex -267.716 -210.208 14.242
  vertex -309.864 -218.592 -28.7954
  vertex -267.716 -210.208 -28.7954
  endloop
 endfacet

 facet normal -0.55557 -0.83147 0
  outer loop
  vertex -189.837 -242.467 -28.7954
  vertex -189.837 -242.467 14.242
  vertex -225.568 -218.592 14.242
  endloop
 endfacet

 facet normal -0.19509 -0.980785 0
  outer loop
  vertex -225.568 -218.592 14.242
  vertex -267.716 -210.208 14.242
  vertex -267.716 -210.208 -28.7954
  endloop
 endfacet

 facet normal -0.55557 -0.83147 0
  outer loop
  vertex -225.568 -218.592 -28.7954
  vertex -189.837 -242.467 -28.7954
  vertex -225.568 -218.592 14.242
  endloop
 endfacet

 facet normal -0.19509 -0.980785 0
  outer loop
  vertex -267.716 -210.208 -28.7954
  vertex -225.568 -218.592 -28.7954
  vertex -225.568 -218.592 14.242
  endloop
 endfacet

 facet normal -0.980785 -0.195091 0
  outer loop
  vertex -157.578 -320.346 14.242
  vertex -165.962 -278.198 14.242
  vertex -165.962 -278.198 -28.7954
  endloop
 endfacet

 facet normal -0.980785 -0.195091 0
  outer loop
  vertex -157.578 -320.346 14.242
  vertex -165.962 -278.198 -28.7954
  vertex -157.578 -320.346 -28.7954
  endloop
 endfacet

 facet normal -0.83147 -0.55557 0
  outer loop
  vertex -189.837 -242.467 14.242
  vertex -189.837 -242.467 -28.7954
  vertex -165.962 -278.198 -28.7954
  endloop
 endfacet

 facet normal -0.83147 -0.55557 0
  outer loop
  vertex -189.837 -242.467 14.242
  vertex -165.962 -278.198 -28.7954
  vertex -165.962 -278.198 14.242
  endloop
 endfacet

 facet normal -0.555571 0.831469 0
  outer loop
  vertex -225.568 -422.101 14.242
  vertex -189.837 -398.226 14.242
  vertex -189.837 -398.226 -28.7954
  endloop
 endfacet

 facet normal -0.555571 0.831469 0
  outer loop
  vertex -225.568 -422.101 14.242
  vertex -189.837 -398.226 -28.7954
  vertex -225.568 -422.101 -28.7954
  endloop
 endfacet

 facet normal -0.195091 0.980785 0
  outer loop
  vertex -267.716 -430.484 14.242
  vertex -225.568 -422.101 14.242
  vertex -225.568 -422.101 -28.7954
  endloop
 endfacet

 facet normal -0.195091 0.980785 0
  outer loop
  vertex -267.716 -430.484 14.242
  vertex -225.568 -422.101 -28.7954
  vertex -267.716 -430.484 -28.7954
  endloop
 endfacet

 facet normal 0.195091 0.980785 0
  outer loop
  vertex -309.864 -422.101 14.242
  vertex -267.716 -430.484 14.242
  vertex -267.716 -430.484 -28.7954
  endloop
 endfacet

 facet normal 0.195091 0.980785 0
  outer loop
  vertex -309.864 -422.101 14.242
  vertex -267.716 -430.484 -28.7954
  vertex -309.864 -422.101 -28.7954
  endloop
 endfacet

 facet normal 0.83147 0.55557 0
  outer loop
  vertex -369.471 -362.494 -28.7954
  vertex -369.471 -362.494 14.242
  vertex -345.596 -398.226 14.242
  endloop
 endfacet

 facet normal 0.55557 0.83147 0
  outer loop
  vertex -345.596 -398.226 14.242
  vertex -309.864 -422.101 14.242
  vertex -309.864 -422.101 -28.7954
  endloop
 endfacet

 facet normal 0.83147 0.55557 0
  outer loop
  vertex -345.596 -398.226 -28.7954
  vertex -369.471 -362.494 -28.7954
  vertex -345.596 -398.226 14.242
  endloop
 endfacet

 facet normal 0.55557 0.83147 0
  outer loop
  vertex -309.864 -422.101 -28.7954
  vertex -345.596 -398.226 -28.7954
  vertex -345.596 -398.226 14.242
  endloop
 endfacet

 facet normal 0.83147 -0.55557 0
  outer loop
  vertex -345.596 -526.677 14.242
  vertex -369.471 -562.409 14.242
  vertex -369.471 -562.409 -28.7954
  endloop
 endfacet

 facet normal 0.83147 -0.55557 0
  outer loop
  vertex -345.596 -526.677 14.242
  vertex -369.471 -562.409 -28.7954
  vertex -345.596 -526.677 -28.7954
  endloop
 endfacet

 facet normal 0.55557 -0.831469 0
  outer loop
  vertex -309.864 -502.802 14.242
  vertex -345.596 -526.677 14.242
  vertex -345.596 -526.677 -28.7954
  endloop
 endfacet

 facet normal 0.55557 -0.831469 0
  outer loop
  vertex -309.864 -502.802 14.242
  vertex -345.596 -526.677 -28.7954
  vertex -309.864 -502.802 -28.7954
  endloop
 endfacet

 facet normal 0.19509 -0.980785 0
  outer loop
  vertex -267.716 -494.418 14.242
  vertex -309.864 -502.802 14.242
  vertex -309.864 -502.802 -28.7954
  endloop
 endfacet

 facet normal 0.19509 -0.980785 0
  outer loop
  vertex -267.716 -494.418 14.242
  vertex -309.864 -502.802 -28.7954
  vertex -267.716 -494.418 -28.7954
  endloop
 endfacet

 facet normal -0.555571 -0.831469 0
  outer loop
  vertex -189.837 -526.677 -28.7954
  vertex -189.837 -526.677 14.242
  vertex -225.568 -502.802 14.242
  endloop
 endfacet

 facet normal -0.19509 -0.980785 0
  outer loop
  vertex -225.568 -502.802 14.242
  vertex -267.716 -494.418 14.242
  vertex -267.716 -494.418 -28.7954
  endloop
 endfacet

 facet normal -0.555571 -0.831469 0
  outer loop
  vertex -225.568 -502.802 -28.7954
  vertex -189.837 -526.677 -28.7954
  vertex -225.568 -502.802 14.242
  endloop
 endfacet

 facet normal -0.19509 -0.980785 0
  outer loop
  vertex -267.716 -494.418 -28.7954
  vertex -225.568 -502.802 -28.7954
  vertex -225.568 -502.802 14.242
  endloop
 endfacet

 facet normal 0.83147 0.55557 0
  outer loop
  vertex -369.471 -646.705 14.242
  vertex -345.596 -682.436 14.242
  vertex -345.596 -682.436 -28.7954
  endloop
 endfacet

 facet normal 0.83147 0.55557 0
  outer loop
  vertex -369.471 -646.705 14.242
  vertex -345.596 -682.436 -28.7954
  vertex -369.471 -646.705 -28.7954
  endloop
 endfacet

 facet normal 0.980785 -0.195091 0
  outer loop
  vertex -369.471 -562.409 -28.7954
  vertex -369.471 -562.409 14.242
  vertex -377.854 -604.557 14.242
  endloop
 endfacet

 facet normal 0.980785 0.195091 0
  outer loop
  vertex -377.854 -604.557 14.242
  vertex -369.471 -646.705 14.242
  vertex -369.471 -646.705 -28.7954
  endloop
 endfacet

 facet normal 0.980785 -0.195091 0
  outer loop
  vertex -377.854 -604.557 -28.7954
  vertex -369.471 -562.409 -28.7954
  vertex -377.854 -604.557 14.242
  endloop
 endfacet

 facet normal 0.980785 0.195091 0
  outer loop
  vertex -369.471 -646.705 -28.7954
  vertex -377.854 -604.557 -28.7954
  vertex -377.854 -604.557 14.242
  endloop
 endfacet

 facet normal 0.195089 0.980785 0
  outer loop
  vertex -309.864 -706.311 14.242
  vertex -267.716 -714.695 14.242
  vertex -267.716 -714.695 -28.7954
  endloop
 endfacet

 facet normal 0.555571 0.831469 0
  outer loop
  vertex -309.864 -706.311 -28.7954
  vertex -345.596 -682.436 -28.7954
  vertex -345.596 -682.436 14.242
  endloop
 endfacet

 facet normal 0.195089 0.980785 0
  outer loop
  vertex -309.864 -706.311 14.242
  vertex -267.716 -714.695 -28.7954
  vertex -309.864 -706.311 -28.7954
  endloop
 endfacet

 facet normal 0.555571 0.831469 0
  outer loop
  vertex -309.864 -706.311 14.242
  vertex -309.864 -706.311 -28.7954
  vertex -345.596 -682.436 14.242
  endloop
 endfacet

 facet normal -0.555571 0.831469 0
  outer loop
  vertex -225.568 -706.311 14.242
  vertex -189.837 -682.436 14.242
  vertex -189.837 -682.436 -28.7954
  endloop
 endfacet

 facet normal -0.195089 0.980785 0
  outer loop
  vertex -225.568 -706.311 -28.7954
  vertex -267.716 -714.695 -28.7954
  vertex -267.716 -714.695 14.242
  endloop
 endfacet

 facet normal -0.555571 0.831469 0
  outer loop
  vertex -225.568 -706.311 14.242
  vertex -189.837 -682.436 -28.7954
  vertex -225.568 -706.311 -28.7954
  endloop
 endfacet

 facet normal -0.195089 0.980785 0
  outer loop
  vertex -225.568 -706.311 -28.7954
  vertex -267.716 -714.695 14.242
  vertex -225.568 -706.311 14.242
  endloop
 endfacet

 facet normal -0.980785 0.19509 0
  outer loop
  vertex -165.962 -646.705 14.242
  vertex -157.578 -604.557 14.242
  vertex -157.578 -604.557 -28.7954
  endloop
 endfacet

 facet normal -0.83147 0.55557 0
  outer loop
  vertex -165.962 -646.705 -28.7954
  vertex -189.837 -682.436 -28.7954
  vertex -189.837 -682.436 14.242
  endloop
 endfacet

 facet normal -0.980785 0.19509 0
  outer loop
  vertex -165.962 -646.705 14.242
  vertex -157.578 -604.557 -28.7954
  vertex -165.962 -646.705 -28.7954
  endloop
 endfacet

 facet normal -0.83147 0.55557 0
  outer loop
  vertex -165.962 -646.705 -28.7954
  vertex -189.837 -682.436 14.242
  vertex -165.962 -646.705 14.242
  endloop
 endfacet

 facet normal 0.83147 -0.55557 0
  outer loop
  vertex -165.962 -646.705 14.242
  vertex -189.837 -682.436 14.242
  vertex -189.837 -682.436 -28.7954
  endloop
 endfacet

 facet normal 0.83147 -0.55557 0
  outer loop
  vertex -165.962 -646.705 14.242
  vertex -189.837 -682.436 -28.7954
  vertex -165.962 -646.705 -28.7954
  endloop
 endfacet

 facet normal 0.980785 -0.19509 0
  outer loop
  vertex -157.578 -604.557 14.242
  vertex -165.962 -646.705 14.242
  vertex -165.962 -646.705 -28.7954
  endloop
 endfacet

 facet normal 0.980785 -0.19509 0
  outer loop
  vertex -157.578 -604.557 14.242
  vertex -165.962 -646.705 -28.7954
  vertex -157.578 -604.557 -28.7954
  endloop
 endfacet

 facet normal 0.83147 0.55557 0
  outer loop
  vertex -189.837 -526.677 -28.7954
  vertex -189.837 -526.677 14.242
  vertex -165.962 -562.409 14.242
  endloop
 endfacet

 facet normal 0.980785 0.195091 0
  outer loop
  vertex -165.962 -562.409 14.242
  vertex -157.578 -604.557 14.242
  vertex -157.578 -604.557 -28.7954
  endloop
 endfacet

 facet normal 0.83147 0.55557 0
  outer loop
  vertex -165.962 -562.409 -28.7954
  vertex -189.837 -526.677 -28.7954
  vertex -165.962 -562.409 14.242
  endloop
 endfacet

 facet normal 0.980785 0.195091 0
  outer loop
  vertex -157.578 -604.557 -28.7954
  vertex -165.962 -562.409 -28.7954
  vertex -165.962 -562.409 14.242
  endloop
 endfacet

 facet normal 0.19509 -0.980785 0
  outer loop
  vertex -551.927 -494.418 14.242
  vertex -594.075 -502.802 14.242
  vertex -594.075 -502.802 -28.7954
  endloop
 endfacet

 facet normal 0.19509 -0.980785 0
  outer loop
  vertex -551.927 -494.418 14.242
  vertex -594.075 -502.802 -28.7954
  vertex -551.927 -494.418 -28.7954
  endloop
 endfacet

 facet normal -0.19509 -0.980785 0
  outer loop
  vertex -509.779 -502.802 14.242
  vertex -551.927 -494.418 14.242
  vertex -551.927 -494.418 -28.7954
  endloop
 endfacet

 facet normal -0.19509 -0.980785 0
  outer loop
  vertex -509.779 -502.802 14.242
  vertex -551.927 -494.418 -28.7954
  vertex -509.779 -502.802 -28.7954
  endloop
 endfacet

 facet normal -0.55557 -0.83147 0
  outer loop
  vertex -474.047 -526.677 14.242
  vertex -509.779 -502.802 14.242
  vertex -509.779 -502.802 -28.7954
  endloop
 endfacet

 facet normal -0.55557 -0.83147 0
  outer loop
  vertex -474.047 -526.677 14.242
  vertex -509.779 -502.802 -28.7954
  vertex -474.047 -526.677 -28.7954
  endloop
 endfacet

 facet normal -0.980785 -0.195091 0
  outer loop
  vertex -441.788 -604.557 -28.7954
  vertex -441.788 -604.557 14.242
  vertex -450.172 -562.409 14.242
  endloop
 endfacet

 facet normal -0.83147 -0.55557 0
  outer loop
  vertex -450.172 -562.409 14.242
  vertex -474.047 -526.677 14.242
  vertex -474.047 -526.677 -28.7954
  endloop
 endfacet

 facet normal -0.980785 -0.195091 0
  outer loop
  vertex -450.172 -562.409 -28.7954
  vertex -441.788 -604.557 -28.7954
  vertex -450.172 -562.409 14.242
  endloop
 endfacet

 facet normal -0.83147 -0.55557 0
  outer loop
  vertex -474.047 -526.677 -28.7954
  vertex -450.172 -562.409 -28.7954
  vertex -450.172 -562.409 14.242
  endloop
 endfacet

 facet normal 0.555571 -0.831469 0
  outer loop
  vertex -629.806 -526.677 14.242
  vertex -629.806 -526.677 -28.7954
  vertex -594.075 -502.802 -28.7954
  endloop
 endfacet

 facet normal 0.555571 -0.831469 0
  outer loop
  vertex -629.806 -526.677 14.242
  vertex -594.075 -502.802 -28.7954
  vertex -594.075 -502.802 14.242
  endloop
 endfacet

 facet normal -0.980785 0.19509 0
  outer loop
  vertex -165.962 -362.494 14.242
  vertex -157.578 -320.346 14.242
  vertex -157.578 -320.346 -28.7954
  endloop
 endfacet

 facet normal -0.831469 0.555571 0
  outer loop
  vertex -165.962 -362.494 -28.7954
  vertex -189.837 -398.226 -28.7954
  vertex -189.837 -398.226 14.242
  endloop
 endfacet

 facet normal -0.980785 0.19509 0
  outer loop
  vertex -165.962 -362.494 14.242
  vertex -157.578 -320.346 -28.7954
  vertex -165.962 -362.494 -28.7954
  endloop
 endfacet

 facet normal -0.831469 0.555571 0
  outer loop
  vertex -165.962 -362.494 -28.7954
  vertex -189.837 -398.226 14.242
  vertex -165.962 -362.494 14.242
  endloop
 endfacet

 facet normal 0.555571 -0.831469 0
  outer loop
  vertex -345.596 -242.467 14.242
  vertex -345.596 -242.467 -28.7954
  vertex -309.864 -218.592 -28.7954
  endloop
 endfacet

 facet normal 0.555571 -0.831469 0
  outer loop
  vertex -345.596 -242.467 14.242
  vertex -309.864 -218.592 -28.7954
  vertex -309.864 -218.592 14.242
  endloop
 endfacet

 facet normal -0.980785 -0.195092 0
  outer loop
  vertex 126.633 -320.346 14.242
  vertex 118.249 -278.198 14.242
  vertex 118.249 -278.198 -28.7954
  endloop
 endfacet

 facet normal -0.980785 0.195091 0
  outer loop
  vertex 126.633 -320.346 -28.7954
  vertex 118.249 -362.494 -28.7954
  vertex 118.249 -362.494 14.242
  endloop
 endfacet

 facet normal -0.980785 -0.195092 0
  outer loop
  vertex 126.633 -320.346 14.242
  vertex 118.249 -278.198 -28.7954
  vertex 126.633 -320.346 -28.7954
  endloop
 endfacet

 facet normal -0.980785 0.195091 0
  outer loop
  vertex 126.633 -320.346 -28.7954
  vertex 118.249 -362.494 14.242
  vertex 126.633 -320.346 14.242
  endloop
 endfacet

 facet normal -0.83147 0.55557 0
  outer loop
  vertex 118.249 -362.494 14.242
  vertex 118.249 -362.494 -28.7954
  vertex 94.3739 -398.226 -28.7954
  endloop
 endfacet

 facet normal -0.83147 0.55557 0
  outer loop
  vertex 118.249 -362.494 14.242
  vertex 94.3739 -398.226 -28.7954
  vertex 94.3739 -398.226 14.242
  endloop
 endfacet

 facet normal -0.195091 0.980785 0
  outer loop
  vertex 16.4944 -430.484 14.242
  vertex 58.6424 -422.101 14.242
  vertex 58.6424 -422.101 -28.7954
  endloop
 endfacet

 facet normal 0.195091 0.980785 0
  outer loop
  vertex 16.4944 -430.484 -28.7954
  vertex -25.6537 -422.101 -28.7954
  vertex -25.6537 -422.101 14.242
  endloop
 endfacet

 facet normal -0.195091 0.980785 0
  outer loop
  vertex 16.4944 -430.484 14.242
  vertex 58.6424 -422.101 -28.7954
  vertex 16.4944 -430.484 -28.7954
  endloop
 endfacet

 facet normal 0.195091 0.980785 0
  outer loop
  vertex 16.4944 -430.484 14.242
  vertex 16.4944 -430.484 -28.7954
  vertex -25.6537 -422.101 14.242
  endloop
 endfacet

 facet normal -0.555571 0.831469 0
  outer loop
  vertex 94.3739 -398.226 14.242
  vertex 94.3739 -398.226 -28.7954
  vertex 58.6424 -422.101 -28.7954
  endloop
 endfacet

 facet normal -0.555571 0.831469 0
  outer loop
  vertex 94.3739 -398.226 14.242
  vertex 58.6424 -422.101 -28.7954
  vertex 58.6424 -422.101 14.242
  endloop
 endfacet

 facet normal -0.55557 -0.83147 0
  outer loop
  vertex -61.3851 -398.226 -28.7954
  vertex -25.6537 -422.101 -28.7954
  vertex -25.6537 -422.101 14.242
  endloop
 endfacet

 facet normal -0.55557 -0.83147 0
  outer loop
  vertex -61.3851 -398.226 -28.7954
  vertex -25.6537 -422.101 14.242
  vertex -61.3851 -398.226 14.242
  endloop
 endfacet

 facet normal -0.83147 -0.55557 0
  outer loop
  vertex -85.2601 -362.494 -28.7954
  vertex -61.3851 -398.226 -28.7954
  vertex -61.3851 -398.226 14.242
  endloop
 endfacet

 facet normal -0.83147 -0.55557 0
  outer loop
  vertex -85.2601 -362.494 -28.7954
  vertex -61.3851 -398.226 14.242
  vertex -85.2601 -362.494 14.242
  endloop
 endfacet

 facet normal -0.980785 0.19509 0
  outer loop
  vertex -85.2601 -278.198 14.242
  vertex -85.2601 -278.198 -28.7954
  vertex -93.6439 -320.346 -28.7954
  endloop
 endfacet

 facet normal -0.980785 -0.195091 0
  outer loop
  vertex -93.6439 -320.346 -28.7954
  vertex -85.2601 -362.494 -28.7954
  vertex -85.2601 -362.494 14.242
  endloop
 endfacet

 facet normal -0.980785 0.19509 0
  outer loop
  vertex -93.6439 -320.346 14.242
  vertex -85.2601 -278.198 14.242
  vertex -93.6439 -320.346 -28.7954
  endloop
 endfacet

 facet normal -0.980785 -0.195091 0
  outer loop
  vertex -85.2601 -362.494 14.242
  vertex -93.6439 -320.346 14.242
  vertex -93.6439 -320.346 -28.7954
  endloop
 endfacet

 facet normal 0.83147 -0.55557 0
  outer loop
  vertex -61.3852 -242.467 14.242
  vertex -85.2601 -278.198 14.242
  vertex -85.2601 -278.198 -28.7954
  endloop
 endfacet

 facet normal 0.555571 -0.831469 0
  outer loop
  vertex -61.3852 -242.467 -28.7954
  vertex -25.6538 -218.592 -28.7954
  vertex -25.6538 -218.592 14.242
  endloop
 endfacet

 facet normal 0.83147 -0.55557 0
  outer loop
  vertex -61.3852 -242.467 14.242
  vertex -85.2601 -278.198 -28.7954
  vertex -61.3852 -242.467 -28.7954
  endloop
 endfacet

 facet normal 0.555571 -0.831469 0
  outer loop
  vertex -61.3852 -242.467 -28.7954
  vertex -25.6538 -218.592 14.242
  vertex -61.3852 -242.467 14.242
  endloop
 endfacet

 facet normal -0.83147 0.55557 0
  outer loop
  vertex -61.3852 -242.467 -28.7954
  vertex -85.2601 -278.198 -28.7954
  vertex -85.2601 -278.198 14.242
  endloop
 endfacet

 facet normal -0.83147 0.55557 0
  outer loop
  vertex -61.3852 -242.467 -28.7954
  vertex -85.2601 -278.198 14.242
  vertex -61.3852 -242.467 14.242
  endloop
 endfacet

 facet normal -0.555571 0.831469 0
  outer loop
  vertex -25.6538 -218.592 -28.7954
  vertex -61.3852 -242.467 -28.7954
  vertex -61.3852 -242.467 14.242
  endloop
 endfacet

 facet normal -0.555571 0.831469 0
  outer loop
  vertex -25.6538 -218.592 -28.7954
  vertex -61.3852 -242.467 14.242
  vertex -25.6538 -218.592 14.242
  endloop
 endfacet

 facet normal 0.19509 0.980785 0
  outer loop
  vertex 58.6424 -218.592 14.242
  vertex 58.6424 -218.592 -28.7954
  vertex 16.4943 -210.208 -28.7954
  endloop
 endfacet

 facet normal -0.19509 0.980785 0
  outer loop
  vertex 16.4943 -210.208 -28.7954
  vertex -25.6538 -218.592 -28.7954
  vertex -25.6538 -218.592 14.242
  endloop
 endfacet

 facet normal 0.19509 0.980785 0
  outer loop
  vertex 16.4943 -210.208 14.242
  vertex 58.6424 -218.592 14.242
  vertex 16.4943 -210.208 -28.7954
  endloop
 endfacet

 facet normal -0.19509 0.980785 0
  outer loop
  vertex -25.6538 -218.592 14.242
  vertex 16.4943 -210.208 14.242
  vertex 16.4943 -210.208 -28.7954
  endloop
 endfacet

 facet normal -0.55557 -0.83147 0
  outer loop
  vertex 94.3738 -242.467 14.242
  vertex 58.6424 -218.592 14.242
  vertex 58.6424 -218.592 -28.7954
  endloop
 endfacet

 facet normal -0.83147 -0.55557 0
  outer loop
  vertex 94.3738 -242.467 -28.7954
  vertex 118.249 -278.198 -28.7954
  vertex 118.249 -278.198 14.242
  endloop
 endfacet

 facet normal -0.55557 -0.83147 0
  outer loop
  vertex 94.3738 -242.467 14.242
  vertex 58.6424 -218.592 -28.7954
  vertex 94.3738 -242.467 -28.7954
  endloop
 endfacet

 facet normal -0.83147 -0.55557 0
  outer loop
  vertex 94.3738 -242.467 -28.7954
  vertex 118.249 -278.198 14.242
  vertex 94.3738 -242.467 14.242
  endloop
 endfacet

 facet normal 0.195089 0.980785 0
  outer loop
  vertex 16.4943 -714.695 14.242
  vertex 16.4943 -714.695 -28.7954
  vertex -25.6538 -706.311 -28.7954
  endloop
 endfacet

 facet normal 0.195089 0.980785 0
  outer loop
  vertex 16.4943 -714.695 14.242
  vertex -25.6538 -706.311 -28.7954
  vertex -25.6538 -706.311 14.242
  endloop
 endfacet

 facet normal 0.19509 0.980785 0
  outer loop
  vertex 16.4944 -494.418 -28.7954
  vertex 16.4944 -494.418 14.242
  vertex 58.6424 -502.802 14.242
  endloop
 endfacet

 facet normal 0.19509 0.980785 0
  outer loop
  vertex 16.4944 -494.418 -28.7954
  vertex 58.6424 -502.802 14.242
  vertex 58.6424 -502.802 -28.7954
  endloop
 endfacet

 facet normal 0.555571 0.831469 0
  outer loop
  vertex -61.3852 -682.436 14.242
  vertex -25.6538 -706.311 14.242
  vertex -25.6538 -706.311 -28.7954
  endloop
 endfacet

 facet normal 0.555571 0.831469 0
  outer loop
  vertex -61.3852 -682.436 14.242
  vertex -25.6538 -706.311 -28.7954
  vertex -61.3852 -682.436 -28.7954
  endloop
 endfacet

 facet normal 0.831469 0.555571 0
  outer loop
  vertex -85.2601 -646.705 14.242
  vertex -61.3852 -682.436 14.242
  vertex -61.3852 -682.436 -28.7954
  endloop
 endfacet

 facet normal 0.831469 0.555571 0
  outer loop
  vertex -85.2601 -646.705 14.242
  vertex -61.3852 -682.436 -28.7954
  vertex -85.2601 -646.705 -28.7954
  endloop
 endfacet

 facet normal -0.19509 0.980785 0
  outer loop
  vertex 16.4944 -494.418 -28.7954
  vertex -25.6537 -502.802 -28.7954
  vertex -25.6537 -502.802 14.242
  endloop
 endfacet

 facet normal -0.19509 0.980785 0
  outer loop
  vertex 16.4944 -494.418 -28.7954
  vertex -25.6537 -502.802 14.242
  vertex 16.4944 -494.418 14.242
  endloop
 endfacet

 facet normal 0.980785 0.19509 0
  outer loop
  vertex -93.6439 -604.557 14.242
  vertex -85.2601 -646.705 14.242
  vertex -85.2601 -646.705 -28.7954
  endloop
 endfacet

 facet normal 0.980785 -0.195091 0
  outer loop
  vertex -93.6439 -604.557 -28.7954
  vertex -85.2601 -562.409 -28.7954
  vertex -85.2601 -562.409 14.242
  endloop
 endfacet

 facet normal 0.980785 0.19509 0
  outer loop
  vertex -93.6439 -604.557 14.242
  vertex -85.2601 -646.705 -28.7954
  vertex -93.6439 -604.557 -28.7954
  endloop
 endfacet

 facet normal 0.980785 -0.195091 0
  outer loop
  vertex -93.6439 -604.557 -28.7954
  vertex -85.2601 -562.409 14.242
  vertex -93.6439 -604.557 14.242
  endloop
 endfacet

 facet normal 0.83147 -0.55557 0
  outer loop
  vertex -61.3851 -526.677 14.242
  vertex -85.2601 -562.409 14.242
  vertex -85.2601 -562.409 -28.7954
  endloop
 endfacet

 facet normal 0.55557 -0.83147 0
  outer loop
  vertex -61.3851 -526.677 -28.7954
  vertex -25.6537 -502.802 -28.7954
  vertex -25.6537 -502.802 14.242
  endloop
 endfacet

 facet normal 0.83147 -0.55557 0
  outer loop
  vertex -61.3851 -526.677 14.242
  vertex -85.2601 -562.409 -28.7954
  vertex -61.3851 -526.677 -28.7954
  endloop
 endfacet

 facet normal 0.55557 -0.83147 0
  outer loop
  vertex -61.3851 -526.677 -28.7954
  vertex -25.6537 -502.802 14.242
  vertex -61.3851 -526.677 14.242
  endloop
 endfacet

 facet normal -0.555571 -0.831469 0
  outer loop
  vertex 94.3739 -526.677 14.242
  vertex 58.6424 -502.802 14.242
  vertex 58.6424 -502.802 -28.7954
  endloop
 endfacet

 facet normal -0.831469 -0.555571 0
  outer loop
  vertex 94.3739 -526.677 -28.7954
  vertex 118.249 -562.409 -28.7954
  vertex 118.249 -562.409 14.242
  endloop
 endfacet

 facet normal -0.555571 -0.831469 0
  outer loop
  vertex 94.3739 -526.677 14.242
  vertex 58.6424 -502.802 -28.7954
  vertex 94.3739 -526.677 -28.7954
  endloop
 endfacet

 facet normal -0.831469 -0.555571 0
  outer loop
  vertex 94.3739 -526.677 -28.7954
  vertex 118.249 -562.409 14.242
  vertex 94.3739 -526.677 14.242
  endloop
 endfacet

 facet normal 0.980785 -0.195091 0
  outer loop
  vertex 126.633 -604.557 14.242
  vertex 118.249 -646.705 14.242
  vertex 118.249 -646.705 -28.7954
  endloop
 endfacet

 facet normal 0.980785 -0.195091 0
  outer loop
  vertex 126.633 -604.557 14.242
  vertex 118.249 -646.705 -28.7954
  vertex 126.633 -604.557 -28.7954
  endloop
 endfacet

 facet normal 0.980785 0.195091 0
  outer loop
  vertex 118.249 -562.409 14.242
  vertex 126.633 -604.557 14.242
  vertex 126.633 -604.557 -28.7954
  endloop
 endfacet

 facet normal 0.980785 0.195091 0
  outer loop
  vertex 118.249 -562.409 14.242
  vertex 126.633 -604.557 -28.7954
  vertex 118.249 -562.409 -28.7954
  endloop
 endfacet

 facet normal 0.831469 0.555571 0
  outer loop
  vertex 94.3739 -526.677 14.242
  vertex 118.249 -562.409 14.242
  vertex 118.249 -562.409 -28.7954
  endloop
 endfacet

 facet normal 0.831469 0.555571 0
  outer loop
  vertex 118.249 -562.409 -28.7954
  vertex 94.3739 -526.677 -28.7954
  vertex 94.3739 -526.677 14.242
  endloop
 endfacet

 facet normal -0.831469 0.555571 0
  outer loop
  vertex 94.3738 -682.436 14.242
  vertex 118.249 -646.705 14.242
  vertex 118.249 -646.705 -28.7954
  endloop
 endfacet

 facet normal -0.831469 0.555571 0
  outer loop
  vertex 94.3738 -682.436 14.242
  vertex 118.249 -646.705 -28.7954
  vertex 94.3738 -682.436 -28.7954
  endloop
 endfacet

 facet normal -0.195089 0.980786 0
  outer loop
  vertex 16.4943 -714.695 -28.7954
  vertex 16.4943 -714.695 14.242
  vertex 58.6424 -706.311 14.242
  endloop
 endfacet

 facet normal -0.555571 0.831469 0
  outer loop
  vertex 58.6424 -706.311 14.242
  vertex 94.3738 -682.436 14.242
  vertex 94.3738 -682.436 -28.7954
  endloop
 endfacet

 facet normal -0.195089 0.980786 0
  outer loop
  vertex 58.6424 -706.311 -28.7954
  vertex 16.4943 -714.695 -28.7954
  vertex 58.6424 -706.311 14.242
  endloop
 endfacet

 facet normal -0.555571 0.831469 0
  outer loop
  vertex 58.6424 -706.311 14.242
  vertex 94.3738 -682.436 -28.7954
  vertex 58.6424 -706.311 -28.7954
  endloop
 endfacet

 facet normal 0.83147 -0.55557 0
  outer loop
  vertex -653.681 -562.409 14.242
  vertex -653.681 -562.409 -28.7954
  vertex -629.806 -526.677 -28.7954
  endloop
 endfacet

 facet normal 0.83147 -0.55557 0
  outer loop
  vertex -653.681 -562.409 14.242
  vertex -629.806 -526.677 -28.7954
  vertex -629.806 -526.677 14.242
  endloop
 endfacet

 facet normal 0.980785 -0.195091 0
  outer loop
  vertex -662.065 -604.557 14.242
  vertex -662.065 -604.557 -28.7954
  vertex -653.681 -562.409 -28.7954
  endloop
 endfacet

 facet normal 0.980785 -0.195091 0
  outer loop
  vertex -662.065 -604.557 14.242
  vertex -653.681 -562.409 -28.7954
  vertex -653.681 -562.409 14.242
  endloop
 endfacet

 facet normal 0.980785 0.19509 0
  outer loop
  vertex -653.681 -646.705 14.242
  vertex -653.681 -646.705 -28.7954
  vertex -662.065 -604.557 -28.7954
  endloop
 endfacet

 facet normal 0.980785 0.19509 0
  outer loop
  vertex -653.681 -646.705 14.242
  vertex -662.065 -604.557 -28.7954
  vertex -662.065 -604.557 14.242
  endloop
 endfacet

 facet normal 0.831469 0.555571 0
  outer loop
  vertex -629.806 -682.436 14.242
  vertex -629.806 -682.436 -28.7954
  vertex -653.681 -646.705 -28.7954
  endloop
 endfacet

 facet normal 0.831469 0.555571 0
  outer loop
  vertex -629.806 -682.436 14.242
  vertex -653.681 -646.705 -28.7954
  vertex -653.681 -646.705 14.242
  endloop
 endfacet

 facet normal 0.555571 0.831469 0
  outer loop
  vertex -594.075 -706.311 14.242
  vertex -594.075 -706.311 -28.7954
  vertex -629.806 -682.436 -28.7954
  endloop
 endfacet

 facet normal 0.555571 0.831469 0
  outer loop
  vertex -594.075 -706.311 14.242
  vertex -629.806 -682.436 -28.7954
  vertex -629.806 -682.436 14.242
  endloop
 endfacet

 facet normal 0.195091 0.980785 0
  outer loop
  vertex -551.927 -714.695 14.242
  vertex -551.927 -714.695 -28.7954
  vertex -594.075 -706.311 -28.7954
  endloop
 endfacet

 facet normal 0.195091 0.980785 0
  outer loop
  vertex -551.927 -714.695 14.242
  vertex -594.075 -706.311 -28.7954
  vertex -594.075 -706.311 14.242
  endloop
 endfacet

 facet normal -0.19509 0.980785 0
  outer loop
  vertex -509.779 -706.311 14.242
  vertex -509.779 -706.311 -28.7954
  vertex -551.927 -714.695 -28.7954
  endloop
 endfacet

 facet normal -0.19509 0.980785 0
  outer loop
  vertex -509.779 -706.311 14.242
  vertex -551.927 -714.695 -28.7954
  vertex -551.927 -714.695 14.242
  endloop
 endfacet

 facet normal -0.555571 0.831469 0
  outer loop
  vertex -474.047 -682.436 14.242
  vertex -474.047 -682.436 -28.7954
  vertex -509.779 -706.311 -28.7954
  endloop
 endfacet

 facet normal -0.555571 0.831469 0
  outer loop
  vertex -474.047 -682.436 14.242
  vertex -509.779 -706.311 -28.7954
  vertex -509.779 -706.311 14.242
  endloop
 endfacet

 facet normal -0.831469 0.555571 0
  outer loop
  vertex -450.172 -646.705 14.242
  vertex -450.172 -646.705 -28.7954
  vertex -474.047 -682.436 -28.7954
  endloop
 endfacet

 facet normal -0.831469 0.555571 0
  outer loop
  vertex -450.172 -646.705 14.242
  vertex -474.047 -682.436 -28.7954
  vertex -474.047 -682.436 14.242
  endloop
 endfacet

 facet normal -0.980785 0.19509 0
  outer loop
  vertex -441.788 -604.557 14.242
  vertex -441.788 -604.557 -28.7954
  vertex -450.172 -646.705 -28.7954
  endloop
 endfacet

 facet normal -0.980785 0.19509 0
  outer loop
  vertex -441.788 -604.557 14.242
  vertex -450.172 -646.705 -28.7954
  vertex -450.172 -646.705 14.242
  endloop
 endfacet

 facet normal -0.19509 -0.980785 0
  outer loop
  vertex -551.927 -210.208 14.242
  vertex -551.927 -210.208 -28.7954
  vertex -509.779 -218.592 -28.7954
  endloop
 endfacet

 facet normal -0.19509 -0.980785 0
  outer loop
  vertex -551.927 -210.208 14.242
  vertex -509.779 -218.592 -28.7954
  vertex -509.779 -218.592 14.242
  endloop
 endfacet

 facet normal -0.555571 -0.831469 0
  outer loop
  vertex -509.779 -218.592 14.242
  vertex -509.779 -218.592 -28.7954
  vertex -474.047 -242.467 -28.7954
  endloop
 endfacet

 facet normal -0.555571 -0.831469 0
  outer loop
  vertex -509.779 -218.592 14.242
  vertex -474.047 -242.467 -28.7954
  vertex -474.047 -242.467 14.242
  endloop
 endfacet

 facet normal -0.83147 -0.55557 0
  outer loop
  vertex -474.047 -242.467 14.242
  vertex -474.047 -242.467 -28.7954
  vertex -450.172 -278.198 -28.7954
  endloop
 endfacet

 facet normal -0.83147 -0.55557 0
  outer loop
  vertex -474.047 -242.467 14.242
  vertex -450.172 -278.198 -28.7954
  vertex -450.172 -278.198 14.242
  endloop
 endfacet

 facet normal 0.980785 0.195091 0
  outer loop
  vertex -450.172 -278.198 14.242
  vertex -441.788 -320.346 14.242
  vertex -441.788 -320.346 -28.7954
  endloop
 endfacet

 facet normal 0.980785 0.195091 0
  outer loop
  vertex -450.172 -278.198 14.242
  vertex -441.788 -320.346 -28.7954
  vertex -450.172 -278.198 -28.7954
  endloop
 endfacet

 facet normal -0.980785 0.195091 0
  outer loop
  vertex -441.788 -320.346 14.242
  vertex -441.788 -320.346 -28.7954
  vertex -450.172 -362.494 -28.7954
  endloop
 endfacet

 facet normal -0.980785 0.195091 0
  outer loop
  vertex -441.788 -320.346 14.242
  vertex -450.172 -362.494 -28.7954
  vertex -450.172 -362.494 14.242
  endloop
 endfacet

 facet normal -0.83147 0.55557 0
  outer loop
  vertex -450.172 -362.494 14.242
  vertex -450.172 -362.494 -28.7954
  vertex -474.047 -398.226 -28.7954
  endloop
 endfacet

 facet normal -0.83147 0.55557 0
  outer loop
  vertex -450.172 -362.494 14.242
  vertex -474.047 -398.226 -28.7954
  vertex -474.047 -398.226 14.242
  endloop
 endfacet

 facet normal 0.55557 -0.83147 0
  outer loop
  vertex -474.047 -398.226 14.242
  vertex -509.779 -422.101 14.242
  vertex -509.779 -422.101 -28.7954
  endloop
 endfacet

 facet normal 0.55557 -0.83147 0
  outer loop
  vertex -474.047 -398.226 14.242
  vertex -509.779 -422.101 -28.7954
  vertex -474.047 -398.226 -28.7954
  endloop
 endfacet

 facet normal -0.19509 0.980785 0
  outer loop
  vertex -509.779 -422.101 14.242
  vertex -509.779 -422.101 -28.7954
  vertex -551.927 -430.484 -28.7954
  endloop
 endfacet

 facet normal -0.19509 0.980785 0
  outer loop
  vertex -509.779 -422.101 14.242
  vertex -551.927 -430.484 -28.7954
  vertex -551.927 -430.484 14.242
  endloop
 endfacet

 facet normal 0.195091 0.980785 0
  outer loop
  vertex -551.927 -430.484 14.242
  vertex -551.927 -430.484 -28.7954
  vertex -594.075 -422.101 -28.7954
  endloop
 endfacet

 facet normal 0.195091 0.980785 0
  outer loop
  vertex -551.927 -430.484 14.242
  vertex -594.075 -422.101 -28.7954
  vertex -594.075 -422.101 14.242
  endloop
 endfacet

 facet normal 0.55557 0.83147 0
  outer loop
  vertex -594.075 -422.101 14.242
  vertex -594.075 -422.101 -28.7954
  vertex -629.806 -398.226 -28.7954
  endloop
 endfacet

 facet normal 0.55557 0.83147 0
  outer loop
  vertex -594.075 -422.101 14.242
  vertex -629.806 -398.226 -28.7954
  vertex -629.806 -398.226 14.242
  endloop
 endfacet

 facet normal 0.831469 0.555571 0
  outer loop
  vertex -629.806 -398.226 14.242
  vertex -629.806 -398.226 -28.7954
  vertex -653.681 -362.494 -28.7954
  endloop
 endfacet

 facet normal 0.831469 0.555571 0
  outer loop
  vertex -629.806 -398.226 14.242
  vertex -653.681 -362.494 -28.7954
  vertex -653.681 -362.494 14.242
  endloop
 endfacet

 facet normal 0.980785 0.195091 0
  outer loop
  vertex -653.681 -362.494 14.242
  vertex -653.681 -362.494 -28.7954
  vertex -662.065 -320.346 -28.7954
  endloop
 endfacet

 facet normal 0.980785 0.195091 0
  outer loop
  vertex -653.681 -362.494 14.242
  vertex -662.065 -320.346 -28.7954
  vertex -662.065 -320.346 14.242
  endloop
 endfacet

 facet normal -0.980785 0.195091 0
  outer loop
  vertex -662.065 -320.346 14.242
  vertex -653.681 -278.198 14.242
  vertex -653.681 -278.198 -28.7954
  endloop
 endfacet

 facet normal -0.980785 0.195091 0
  outer loop
  vertex -662.065 -320.346 14.242
  vertex -653.681 -278.198 -28.7954
  vertex -662.065 -320.346 -28.7954
  endloop
 endfacet

 facet normal 0.831469 -0.555571 0
  outer loop
  vertex -653.681 -278.198 14.242
  vertex -653.681 -278.198 -28.7954
  vertex -629.806 -242.467 -28.7954
  endloop
 endfacet

 facet normal 0.831469 -0.555571 0
  outer loop
  vertex -653.681 -278.198 14.242
  vertex -629.806 -242.467 -28.7954
  vertex -629.806 -242.467 14.242
  endloop
 endfacet

 facet normal 0.555572 -0.831469 0
  outer loop
  vertex -629.806 -242.467 14.242
  vertex -629.806 -242.467 -28.7954
  vertex -594.075 -218.592 -28.7954
  endloop
 endfacet

 facet normal 0.555572 -0.831469 0
  outer loop
  vertex -629.806 -242.467 14.242
  vertex -594.075 -218.592 -28.7954
  vertex -594.075 -218.592 14.242
  endloop
 endfacet

 facet normal 0.19509 -0.980785 0
  outer loop
  vertex -594.075 -218.592 14.242
  vertex -594.075 -218.592 -28.7954
  vertex -551.927 -210.208 -28.7954
  endloop
 endfacet

 facet normal 0.19509 -0.980785 0
  outer loop
  vertex -594.075 -218.592 14.242
  vertex -551.927 -210.208 -28.7954
  vertex -551.927 -210.208 14.242
  endloop
 endfacet

 facet normal -0.55557 -0.83147 0
  outer loop
  vertex -509.779 65.6189 14.242
  vertex -509.779 65.6189 -28.7954
  vertex -474.047 41.7439 -28.7954
  endloop
 endfacet

 facet normal -0.55557 -0.83147 0
  outer loop
  vertex -509.779 65.6189 14.242
  vertex -474.047 41.7439 -28.7954
  vertex -474.047 41.7439 14.242
  endloop
 endfacet

 facet normal -0.831469 -0.555571 0
  outer loop
  vertex -474.047 41.7439 14.242
  vertex -474.047 41.7439 -28.7954
  vertex -450.172 6.01248 -28.7954
  endloop
 endfacet

 facet normal -0.831469 -0.555571 0
  outer loop
  vertex -474.047 41.7439 14.242
  vertex -450.172 6.01248 -28.7954
  vertex -450.172 6.01248 14.242
  endloop
 endfacet

 facet normal -0.980785 -0.19509 0
  outer loop
  vertex -450.172 6.01248 14.242
  vertex -450.172 6.01248 -28.7954
  vertex -441.788 -36.1356 -28.7954
  endloop
 endfacet

 facet normal -0.980785 -0.19509 0
  outer loop
  vertex -450.172 6.01248 14.242
  vertex -441.788 -36.1356 -28.7954
  vertex -441.788 -36.1356 14.242
  endloop
 endfacet

 facet normal -0.980785 0.19509 0
  outer loop
  vertex -441.788 -36.1356 14.242
  vertex -441.788 -36.1356 -28.7954
  vertex -450.172 -78.2837 -28.7954
  endloop
 endfacet

 facet normal -0.980785 0.19509 0
  outer loop
  vertex -441.788 -36.1356 14.242
  vertex -450.172 -78.2837 -28.7954
  vertex -450.172 -78.2837 14.242
  endloop
 endfacet

 facet normal -0.83147 0.55557 0
  outer loop
  vertex -450.172 -78.2837 14.242
  vertex -450.172 -78.2837 -28.7954
  vertex -474.047 -114.015 -28.7954
  endloop
 endfacet

 facet normal -0.83147 0.55557 0
  outer loop
  vertex -450.172 -78.2837 14.242
  vertex -474.047 -114.015 -28.7954
  vertex -474.047 -114.015 14.242
  endloop
 endfacet

 facet normal -0.555571 0.831469 0
  outer loop
  vertex -474.047 -114.015 14.242
  vertex -474.047 -114.015 -28.7954
  vertex -509.779 -137.89 -28.7954
  endloop
 endfacet

 facet normal -0.555571 0.831469 0
  outer loop
  vertex -474.047 -114.015 14.242
  vertex -509.779 -137.89 -28.7954
  vertex -509.779 -137.89 14.242
  endloop
 endfacet

 facet normal -0.19509 0.980785 0
  outer loop
  vertex -509.779 -137.89 14.242
  vertex -509.779 -137.89 -28.7954
  vertex -551.927 -146.274 -28.7954
  endloop
 endfacet

 facet normal -0.19509 0.980785 0
  outer loop
  vertex -509.779 -137.89 14.242
  vertex -551.927 -146.274 -28.7954
  vertex -551.927 -146.274 14.242
  endloop
 endfacet

 facet normal 0.195089 0.980785 0
  outer loop
  vertex -551.927 -146.274 14.242
  vertex -551.927 -146.274 -28.7954
  vertex -594.075 -137.89 -28.7954
  endloop
 endfacet

 facet normal 0.195089 0.980785 0
  outer loop
  vertex -551.927 -146.274 14.242
  vertex -594.075 -137.89 -28.7954
  vertex -594.075 -137.89 14.242
  endloop
 endfacet

 facet normal -0.555571 -0.831469 0
  outer loop
  vertex -594.075 -137.89 14.242
  vertex -629.806 -114.015 14.242
  vertex -629.806 -114.015 -28.7954
  endloop
 endfacet

 facet normal -0.555571 -0.831469 0
  outer loop
  vertex -594.075 -137.89 14.242
  vertex -629.806 -114.015 -28.7954
  vertex -594.075 -137.89 -28.7954
  endloop
 endfacet

 facet normal 0.831469 0.555571 0
  outer loop
  vertex -629.806 -114.015 14.242
  vertex -629.806 -114.015 -28.7954
  vertex -653.681 -78.2837 -28.7954
  endloop
 endfacet

 facet normal 0.831469 0.555571 0
  outer loop
  vertex -629.806 -114.015 14.242
  vertex -653.681 -78.2837 -28.7954
  vertex -653.681 -78.2837 14.242
  endloop
 endfacet

 facet normal 0.980785 0.195091 0
  outer loop
  vertex -653.681 -78.2837 14.242
  vertex -653.681 -78.2837 -28.7954
  vertex -662.065 -36.1357 -28.7954
  endloop
 endfacet

 facet normal 0.980785 0.195091 0
  outer loop
  vertex -653.681 -78.2837 14.242
  vertex -662.065 -36.1357 -28.7954
  vertex -662.065 -36.1357 14.242
  endloop
 endfacet

 facet normal 0.980785 -0.195091 0
  outer loop
  vertex -662.065 -36.1357 14.242
  vertex -662.065 -36.1357 -28.7954
  vertex -653.681 6.01245 -28.7954
  endloop
 endfacet

 facet normal 0.980785 -0.195091 0
  outer loop
  vertex -662.065 -36.1357 14.242
  vertex -653.681 6.01245 -28.7954
  vertex -653.681 6.01245 14.242
  endloop
 endfacet

 facet normal 0.83147 -0.55557 0
  outer loop
  vertex -653.681 6.01245 14.242
  vertex -653.681 6.01245 -28.7954
  vertex -629.806 41.7439 -28.7954
  endloop
 endfacet

 facet normal 0.83147 -0.55557 0
  outer loop
  vertex -653.681 6.01245 14.242
  vertex -629.806 41.7439 -28.7954
  vertex -629.806 41.7439 14.242
  endloop
 endfacet

 facet normal 0.55557 -0.83147 0
  outer loop
  vertex -629.806 41.7439 14.242
  vertex -629.806 41.7439 -28.7954
  vertex -594.075 65.6188 -28.7954
  endloop
 endfacet

 facet normal 0.55557 -0.83147 0
  outer loop
  vertex -629.806 41.7439 14.242
  vertex -594.075 65.6188 -28.7954
  vertex -594.075 65.6188 14.242
  endloop
 endfacet

 facet normal 0.195091 -0.980785 0
  outer loop
  vertex -594.075 65.6188 14.242
  vertex -594.075 65.6188 -28.7954
  vertex -551.927 74.0026 -28.7954
  endloop
 endfacet

 facet normal 0.195091 -0.980785 0
  outer loop
  vertex -594.075 65.6188 14.242
  vertex -551.927 74.0026 -28.7954
  vertex -551.927 74.0026 14.242
  endloop
 endfacet

 facet normal -0.19509 -0.980785 0
  outer loop
  vertex -551.927 74.0026 14.242
  vertex -551.927 74.0026 -28.7954
  vertex -509.779 65.6189 -28.7954
  endloop
 endfacet

 facet normal -0.19509 -0.980785 0
  outer loop
  vertex -551.927 74.0026 14.242
  vertex -509.779 65.6189 -28.7954
  vertex -509.779 65.6189 14.242
  endloop
 endfacet

 facet normal -0.980785 -0.195091 0
  outer loop
  vertex -165.962 6.01245 14.242
  vertex -165.962 6.01245 -28.7954
  vertex -157.578 -36.1356 -28.7954
  endloop
 endfacet

 facet normal -0.980785 -0.195091 0
  outer loop
  vertex -165.962 6.01245 14.242
  vertex -157.578 -36.1356 -28.7954
  vertex -157.578 -36.1356 14.242
  endloop
 endfacet

 facet normal -0.980785 0.195091 0
  outer loop
  vertex -157.578 -36.1356 14.242
  vertex -157.578 -36.1356 -28.7954
  vertex -165.962 -78.2837 -28.7954
  endloop
 endfacet

 facet normal -0.980785 0.195091 0
  outer loop
  vertex -157.578 -36.1356 14.242
  vertex -165.962 -78.2837 -28.7954
  vertex -165.962 -78.2837 14.242
  endloop
 endfacet

 facet normal -0.831469 0.555571 0
  outer loop
  vertex -165.962 -78.2837 14.242
  vertex -165.962 -78.2837 -28.7954
  vertex -189.837 -114.015 -28.7954
  endloop
 endfacet

 facet normal -0.831469 0.555571 0
  outer loop
  vertex -165.962 -78.2837 14.242
  vertex -189.837 -114.015 -28.7954
  vertex -189.837 -114.015 14.242
  endloop
 endfacet

 facet normal -0.555571 0.831469 0
  outer loop
  vertex -189.837 -114.015 14.242
  vertex -189.837 -114.015 -28.7954
  vertex -225.568 -137.89 -28.7954
  endloop
 endfacet

 facet normal -0.555571 0.831469 0
  outer loop
  vertex -189.837 -114.015 14.242
  vertex -225.568 -137.89 -28.7954
  vertex -225.568 -137.89 14.242
  endloop
 endfacet

 facet normal -0.19509 0.980785 0
  outer loop
  vertex -225.568 -137.89 14.242
  vertex -225.568 -137.89 -28.7954
  vertex -267.716 -146.274 -28.7954
  endloop
 endfacet

 facet normal -0.19509 0.980785 0
  outer loop
  vertex -225.568 -137.89 14.242
  vertex -267.716 -146.274 -28.7954
  vertex -267.716 -146.274 14.242
  endloop
 endfacet

 facet normal 0.19509 0.980785 0
  outer loop
  vertex -267.716 -146.274 14.242
  vertex -267.716 -146.274 -28.7954
  vertex -309.864 -137.89 -28.7954
  endloop
 endfacet

 facet normal 0.19509 0.980785 0
  outer loop
  vertex -267.716 -146.274 14.242
  vertex -309.864 -137.89 -28.7954
  vertex -309.864 -137.89 14.242
  endloop
 endfacet

 facet normal 0.555571 0.831469 0
  outer loop
  vertex -309.864 -137.89 14.242
  vertex -309.864 -137.89 -28.7954
  vertex -345.596 -114.015 -28.7954
  endloop
 endfacet

 facet normal 0.555571 0.831469 0
  outer loop
  vertex -309.864 -137.89 14.242
  vertex -345.596 -114.015 -28.7954
  vertex -345.596 -114.015 14.242
  endloop
 endfacet

 facet normal 0.83147 0.55557 0
  outer loop
  vertex -345.596 -114.015 14.242
  vertex -345.596 -114.015 -28.7954
  vertex -369.471 -78.2837 -28.7954
  endloop
 endfacet

 facet normal 0.83147 0.55557 0
  outer loop
  vertex -345.596 -114.015 14.242
  vertex -369.471 -78.2837 -28.7954
  vertex -369.471 -78.2837 14.242
  endloop
 endfacet

 facet normal 0.980785 0.195091 0
  outer loop
  vertex -369.471 -78.2837 14.242
  vertex -369.471 -78.2837 -28.7954
  vertex -377.854 -36.1356 -28.7954
  endloop
 endfacet

 facet normal 0.980785 0.195091 0
  outer loop
  vertex -369.471 -78.2837 14.242
  vertex -377.854 -36.1356 -28.7954
  vertex -377.854 -36.1356 14.242
  endloop
 endfacet

 facet normal 0.980785 -0.195091 0
  outer loop
  vertex -377.854 -36.1356 14.242
  vertex -377.854 -36.1356 -28.7954
  vertex -369.471 6.01248 -28.7954
  endloop
 endfacet

 facet normal 0.980785 -0.195091 0
  outer loop
  vertex -377.854 -36.1356 14.242
  vertex -369.471 6.01248 -28.7954
  vertex -369.471 6.01248 14.242
  endloop
 endfacet

 facet normal 0.831469 -0.555571 0
  outer loop
  vertex -369.471 6.01248 14.242
  vertex -369.471 6.01248 -28.7954
  vertex -345.596 41.7439 -28.7954
  endloop
 endfacet

 facet normal 0.831469 -0.555571 0
  outer loop
  vertex -369.471 6.01248 14.242
  vertex -345.596 41.7439 -28.7954
  vertex -345.596 41.7439 14.242
  endloop
 endfacet

 facet normal 0.555571 -0.831469 0
  outer loop
  vertex -345.596 41.7439 14.242
  vertex -345.596 41.7439 -28.7954
  vertex -309.864 65.6189 -28.7954
  endloop
 endfacet

 facet normal 0.555571 -0.831469 0
  outer loop
  vertex -345.596 41.7439 14.242
  vertex -309.864 65.6189 -28.7954
  vertex -309.864 65.6189 14.242
  endloop
 endfacet

 facet normal 0.195091 -0.980785 0
  outer loop
  vertex -309.864 65.6189 14.242
  vertex -309.864 65.6189 -28.7954
  vertex -267.716 74.0027 -28.7954
  endloop
 endfacet

 facet normal 0.195091 -0.980785 0
  outer loop
  vertex -309.864 65.6189 14.242
  vertex -267.716 74.0027 -28.7954
  vertex -267.716 74.0027 14.242
  endloop
 endfacet

 facet normal -0.195091 -0.980785 0
  outer loop
  vertex -267.716 74.0027 14.242
  vertex -267.716 74.0027 -28.7954
  vertex -225.568 65.6189 -28.7954
  endloop
 endfacet

 facet normal -0.195091 -0.980785 0
  outer loop
  vertex -267.716 74.0027 14.242
  vertex -225.568 65.6189 -28.7954
  vertex -225.568 65.6189 14.242
  endloop
 endfacet

 facet normal -0.555571 -0.831469 0
  outer loop
  vertex -225.568 65.6189 14.242
  vertex -225.568 65.6189 -28.7954
  vertex -189.837 41.7439 -28.7954
  endloop
 endfacet

 facet normal -0.555571 -0.831469 0
  outer loop
  vertex -225.568 65.6189 14.242
  vertex -189.837 41.7439 -28.7954
  vertex -189.837 41.7439 14.242
  endloop
 endfacet

 facet normal -0.83147 -0.55557 0
  outer loop
  vertex -189.837 41.7439 14.242
  vertex -189.837 41.7439 -28.7954
  vertex -165.962 6.01245 -28.7954
  endloop
 endfacet

 facet normal -0.83147 -0.55557 0
  outer loop
  vertex -189.837 41.7439 14.242
  vertex -165.962 6.01245 -28.7954
  vertex -165.962 6.01245 14.242
  endloop
 endfacet

 facet normal 0.19509 0.980785 0
  outer loop
  vertex 16.4944 -146.274 14.242
  vertex 16.4944 -146.274 -28.7954
  vertex -25.6537 -137.89 -28.7954
  endloop
 endfacet

 facet normal 0.19509 0.980785 0
  outer loop
  vertex 16.4944 -146.274 14.242
  vertex -25.6537 -137.89 -28.7954
  vertex -25.6537 -137.89 14.242
  endloop
 endfacet

 facet normal 0.555571 0.831469 0
  outer loop
  vertex -25.6537 -137.89 14.242
  vertex -25.6537 -137.89 -28.7954
  vertex -61.3851 -114.015 -28.7954
  endloop
 endfacet

 facet normal 0.555571 0.831469 0
  outer loop
  vertex -25.6537 -137.89 14.242
  vertex -61.3851 -114.015 -28.7954
  vertex -61.3851 -114.015 14.242
  endloop
 endfacet

 facet normal 0.831469 0.555571 0
  outer loop
  vertex -61.3851 -114.015 14.242
  vertex -61.3851 -114.015 -28.7954
  vertex -85.2601 -78.2837 -28.7954
  endloop
 endfacet

 facet normal 0.831469 0.555571 0
  outer loop
  vertex -61.3851 -114.015 14.242
  vertex -85.2601 -78.2837 -28.7954
  vertex -85.2601 -78.2837 14.242
  endloop
 endfacet

 facet normal 0.980785 0.19509 0
  outer loop
  vertex -85.2601 -78.2837 14.242
  vertex -85.2601 -78.2837 -28.7954
  vertex -93.6439 -36.1356 -28.7954
  endloop
 endfacet

 facet normal 0.980785 0.19509 0
  outer loop
  vertex -85.2601 -78.2837 14.242
  vertex -93.6439 -36.1356 -28.7954
  vertex -93.6439 -36.1356 14.242
  endloop
 endfacet

 facet normal 0.980785 -0.19509 0
  outer loop
  vertex -93.6439 -36.1356 14.242
  vertex -93.6439 -36.1356 -28.7954
  vertex -85.2601 6.01245 -28.7954
  endloop
 endfacet

 facet normal 0.980785 -0.19509 0
  outer loop
  vertex -93.6439 -36.1356 14.242
  vertex -85.2601 6.01245 -28.7954
  vertex -85.2601 6.01245 14.242
  endloop
 endfacet

 facet normal 0.83147 -0.55557 0
  outer loop
  vertex -85.2601 6.01245 14.242
  vertex -85.2601 6.01245 -28.7954
  vertex -61.3852 41.7439 -28.7954
  endloop
 endfacet

 facet normal 0.83147 -0.55557 0
  outer loop
  vertex -85.2601 6.01245 14.242
  vertex -61.3852 41.7439 -28.7954
  vertex -61.3852 41.7439 14.242
  endloop
 endfacet

 facet normal 0.555571 -0.831469 0
  outer loop
  vertex -61.3852 41.7439 14.242
  vertex -61.3852 41.7439 -28.7954
  vertex -25.6538 65.6189 -28.7954
  endloop
 endfacet

 facet normal 0.555571 -0.831469 0
  outer loop
  vertex -61.3852 41.7439 14.242
  vertex -25.6538 65.6189 -28.7954
  vertex -25.6538 65.6189 14.242
  endloop
 endfacet

 facet normal 0.195091 -0.980785 0
  outer loop
  vertex -25.6538 65.6189 14.242
  vertex -25.6538 65.6189 -28.7954
  vertex 16.4944 74.0027 -28.7954
  endloop
 endfacet

 facet normal 0.195091 -0.980785 0
  outer loop
  vertex -25.6538 65.6189 14.242
  vertex 16.4944 74.0027 -28.7954
  vertex 16.4944 74.0027 14.242
  endloop
 endfacet

 facet normal -0.195091 -0.980785 0
  outer loop
  vertex 16.4944 74.0027 14.242
  vertex 16.4944 74.0027 -28.7954
  vertex 58.6424 65.6189 -28.7954
  endloop
 endfacet

 facet normal -0.195091 -0.980785 0
  outer loop
  vertex 16.4944 74.0027 14.242
  vertex 58.6424 65.6189 -28.7954
  vertex 58.6424 65.6189 14.242
  endloop
 endfacet

 facet normal 0.55557 0.83147 0
  outer loop
  vertex 58.6424 65.6189 14.242
  vertex 94.3738 41.7439 14.242
  vertex 94.3738 41.7439 -28.7954
  endloop
 endfacet

 facet normal 0.55557 0.83147 0
  outer loop
  vertex 58.6424 65.6189 14.242
  vertex 94.3738 41.7439 -28.7954
  vertex 58.6424 65.6189 -28.7954
  endloop
 endfacet

 facet normal -0.831469 -0.555571 0
  outer loop
  vertex 94.3738 41.7439 14.242
  vertex 94.3738 41.7439 -28.7954
  vertex 118.249 6.01248 -28.7954
  endloop
 endfacet

 facet normal -0.831469 -0.555571 0
  outer loop
  vertex 94.3738 41.7439 14.242
  vertex 118.249 6.01248 -28.7954
  vertex 118.249 6.01248 14.242
  endloop
 endfacet

 facet normal -0.980785 -0.195091 0
  outer loop
  vertex 118.249 6.01248 14.242
  vertex 118.249 6.01248 -28.7954
  vertex 126.633 -36.1356 -28.7954
  endloop
 endfacet

 facet normal -0.980785 -0.195091 0
  outer loop
  vertex 118.249 6.01248 14.242
  vertex 126.633 -36.1356 -28.7954
  vertex 126.633 -36.1356 14.242
  endloop
 endfacet

 facet normal -0.980785 0.195091 0
  outer loop
  vertex 126.633 -36.1356 14.242
  vertex 126.633 -36.1356 -28.7954
  vertex 118.249 -78.2837 -28.7954
  endloop
 endfacet

 facet normal -0.980785 0.195091 0
  outer loop
  vertex 126.633 -36.1356 14.242
  vertex 118.249 -78.2837 -28.7954
  vertex 118.249 -78.2837 14.242
  endloop
 endfacet

 facet normal -0.83147 0.55557 0
  outer loop
  vertex 118.249 -78.2837 14.242
  vertex 118.249 -78.2837 -28.7954
  vertex 94.3739 -114.015 -28.7954
  endloop
 endfacet

 facet normal -0.83147 0.55557 0
  outer loop
  vertex 118.249 -78.2837 14.242
  vertex 94.3739 -114.015 -28.7954
  vertex 94.3739 -114.015 14.242
  endloop
 endfacet

 facet normal -0.555571 0.831469 0
  outer loop
  vertex 94.3739 -114.015 14.242
  vertex 94.3739 -114.015 -28.7954
  vertex 58.6424 -137.89 -28.7954
  endloop
 endfacet

 facet normal -0.555571 0.831469 0
  outer loop
  vertex 94.3739 -114.015 14.242
  vertex 58.6424 -137.89 -28.7954
  vertex 58.6424 -137.89 14.242
  endloop
 endfacet

 facet normal -0.19509 0.980785 0
  outer loop
  vertex 58.6424 -137.89 14.242
  vertex 58.6424 -137.89 -28.7954
  vertex 16.4944 -146.274 -28.7954
  endloop
 endfacet

 facet normal -0.19509 0.980785 0
  outer loop
  vertex 58.6424 -137.89 14.242
  vertex 16.4944 -146.274 -28.7954
  vertex 16.4944 -146.274 14.242
  endloop
 endfacet

endsolid AssimpScene
